Workbook

Sheet Bricks
A1: S.No | B1: Date | C1: Day | D1: No Of Week | E1: Name | F1: Brick | G1: Line | H1: Total Brick | I1: Round Total Brick | J1: Amount of pre brick | K1: Total Amount
A2: =ROW()-1 -> 1 | B2: 45566 | C2: =TEXT(KDK[[#This Row],[Date]],"dddd") -> Tuesday | D2: =WEEKNUM(KDK[[#This Row],[Date]],2) -> 40 | E2: Aakash | F2: 25 | G2: 42 | H2: =KDK[[#This Row],[Brick]]*KDK[[#This Row],[Line]] -> 1050 | I2: =IF(MOD(KDK[[#This Row],[Total Brick]],100)>90,KDK[[#This Row],[Total Brick]] - MOD(KDK[[#This Row],[Total Brick]],100) + 100,IF(MOD(KDK[[#This Row],[Total Brick]],100)>40,KDK[[#This Row],[Total Brick]] - MOD(KDK[[#This Row],[Total Brick]],100)+50,KDK[[#This Row],[Total Brick]] - MOD(KDK[[#This Row],[Total Brick]],100))) -> 1050 | J2: =_xlfn.IFNA(1.5,0) -> 1.5 | K2: =KDK[[#This Row],[Round Total Brick]]*KDK[[#This Row],[Amount of pre brick]] -> 1575
A3: =ROW()-1 -> 2 | B3: 45566 | C3: =TEXT(KDK[[#This Row],[Date]],"dddd") -> Tuesday | D3: =WEEKNUM(KDK[[#This Row],[Date]],2) -> 40 | E3: Mahesh | F3: =_xlfn.IFNA(0,"") -> 0 | G3: =_xlfn.IFNA(0,"") -> 0 | H3: =KDK[[#This Row],[Brick]]*KDK[[#This Row],[Line]] -> 0 | I3: =IF(MOD(KDK[[#This Row],[Total Brick]],100)>90,KDK[[#This Row],[Total Brick]] - MOD(KDK[[#This Row],[Total Brick]],100) + 100,IF(MOD(KDK[[#This Row],[Total Brick]],100)>40,KDK[[#This Row],[Total Brick]] - MOD(KDK[[#This Row],[Total Brick]],100)+50,KDK[[#This Row],[Total Brick]] - MOD(KDK[[#This Row],[Total Brick]],100))) -> 0 | J3: =_xlfn.IFNA(1.5,0) -> 1.5 | K3: =KDK[[#This Row],[Round Total Brick]]*KDK[[#This Row],[Amount of pre brick]] -> 0
A4: =ROW()-1 -> 3 | B4: 45566 | C4: =TEXT(KDK[[#This Row],[Date]],"dddd") -> Tuesday | D4: =WEEKNUM(KDK[[#This Row],[Date]],2) -> 40 | E4: Ramseesh | F4: 25 | G4: 45 | H4: =KDK[[#This Row],[Brick]]*KDK[[#This Row],[Line]] -> 1125 | I4: =IF(MOD(KDK[[#This Row],[Total Brick]],100)>90,KDK[[#This Row],[Total Brick]] - MOD(KDK[[#This Row],[Total Brick]],100) + 100,IF(MOD(KDK[[#This Row],[Total Brick]],100)>40,KDK[[#This Row],[Total Brick]] - MOD(KDK[[#This Row],[Total Brick]],100)+50,KDK[[#This Row],[Total Brick]] - MOD(KDK[[#This Row],[Total Brick]],100))) -> 1100 | J4: =_xlfn.IFNA(1.5,0) -> 1.5 | K4: =KDK[[#This Row],[Round Total Brick]]*KDK[[#This Row],[Amount of pre brick]] -> 1650
A5: =ROW()-1 -> 4 | B5: 45566 | C5: =TEXT(KDK[[#This Row],[Date]],"dddd") -> Tuesday | D5: =WEEKNUM(KDK[[#This Row],[Date]],2) -> 40 | E5: Settu | F5: =_xlfn.IFNA(0,0) -> 0 | G5: =_xlfn.IFNA(0,0) -> 0 | H5: =KDK[[#This Row],[Brick]]*KDK[[#This Row],[Line]] -> 0 | I5: =IF(MOD(KDK[[#This Row],[Total Brick]],100)>90,KDK[[#This Row],[Total Brick]] - MOD(KDK[[#This Row],[Total Brick]],100) + 100,IF(MOD(KDK[[#This Row],[Total Brick]],100)>40,KDK[[#This Row],[Total Brick]] - MOD(KDK[[#This Row],[Total Brick]],100)+50,KDK[[#This Row],[Total Brick]] - MOD(KDK[[#This Row],[Total Brick]],100))) -> 0 | J5: =_xlfn.IFNA(1.5,0) -> 1.5 | K5: =KDK[[#This Row],[Round Total Brick]]*KDK[[#This Row],[Amount of pre brick]] -> 0
A6: =ROW()-1 -> 5 | B6: 45566 | C6: =TEXT(KDK[[#This Row],[Date]],"dddd") -> Tuesday | D6: =WEEKNUM(KDK[[#This Row],[Date]],2) -> 40 | E6: Dhurai | F6: =_xlfn.IFNA(0,0) -> 0 | G6: =_xlfn.IFNA(0,0) -> 0 | H6: =KDK[[#This Row],[Brick]]*KDK[[#This Row],[Line]] -> 0 | I6: =IF(MOD(KDK[[#This Row],[Total Brick]],100)>90,KDK[[#This Row],[Total Brick]] - MOD(KDK[[#This Row],[Total Brick]],100) + 100,IF(MOD(KDK[[#This Row],[Total Brick]],100)>40,KDK[[#This Row],[Total Brick]] - MOD(KDK[[#This Row],[Total Brick]],100)+50,KDK[[#This Row],[Total Brick]] - MOD(KDK[[#This Row],[Total Brick]],100))) -> 0 | J6: =_xlfn.IFNA(1.5,0) -> 1.5 | K6: =KDK[[#This Row],[Round Total Brick]]*KDK[[#This Row],[Amount of pre brick]] -> 0
A7: =ROW()-1 -> 6 | B7: 45566 | C7: =TEXT(KDK[[#This Row],[Date]],"dddd") -> Tuesday | D7: =WEEKNUM(KDK[[#This Row],[Date]],2) -> 40 | E7: Ramesh | F7: =_xlfn.IFNA(0,0) -> 0 | G7: =_xlfn.IFNA(0,0) -> 0 | H7: =KDK[[#This Row],[Brick]]*KDK[[#This Row],[Line]] -> 0 | I7: =IF(MOD(KDK[[#This Row],[Total Brick]],100)>90,KDK[[#This Row],[Total Brick]] - MOD(KDK[[#This Row],[Total Brick]],100) + 100,IF(MOD(KDK[[#This Row],[Total Brick]],100)>40,KDK[[#This Row],[Total Brick]] - MOD(KDK[[#This Row],[Total Brick]],100)+50,KDK[[#This Row],[Total Brick]] - MOD(KDK[[#This Row],[Total Brick]],100))) -> 0 | J7: =_xlfn.IFNA(1.5,0) -> 1.5 | K7: =KDK[[#This Row],[Round Total Brick]]*KDK[[#This Row],[Amount of pre brick]] -> 0
A8: =ROW()-1 -> 7 | B8: 45566 | C8: =TEXT(KDK[[#This Row],[Date]],"dddd") -> Tuesday | D8: =WEEKNUM(KDK[[#This Row],[Date]],2) -> 40 | E8: Ram Charan | F8: =_xlfn.IFNA(0,0) -> 0 | G8: =_xlfn.IFNA(0,0) -> 0 | H8: =KDK[[#This Row],[Brick]]*KDK[[#This Row],[Line]] -> 0 | I8: =IF(MOD(KDK[[#This Row],[Total Brick]],100)>90,KDK[[#This Row],[Total Brick]] - MOD(KDK[[#This Row],[Total Brick]],100) + 100,IF(MOD(KDK[[#This Row],[Total Brick]],100)>40,KDK[[#This Row],[Total Brick]] - MOD(KDK[[#This Row],[Total Brick]],100)+50,KDK[[#This Row],[Total Brick]] - MOD(KDK[[#This Row],[Total Brick]],100))) -> 0 | J8: =_xlfn.IFNA(1.5,0) -> 1.5 | K8: =KDK[[#This Row],[Round Total Brick]]*KDK[[#This Row],[Amount of pre brick]] -> 0
A9: =ROW()-1 -> 8 | B9: 45567 | C9: =TEXT(KDK[[#This Row],[Date]],"dddd") -> Wednesday | D9: =WEEKNUM(KDK[[#This Row],[Date]],2) -> 40 | E9: Aakash | F9: 27 | G9: 42 | H9: =KDK[[#This Row],[Brick]]*KDK[[#This Row],[Line]] -> 1134 | I9: =IF(MOD(KDK[[#This Row],[Total Brick]],100)>90,KDK[[#This Row],[Total Brick]] - MOD(KDK[[#This Row],[Total Brick]],100) + 100,IF(MOD(KDK[[#This Row],[Total Brick]],100)>40,KDK[[#This Row],[Total Brick]] - MOD(KDK[[#This Row],[Total Brick]],100)+50,KDK[[#This Row],[Total Brick]] - MOD(KDK[[#This Row],[Total Brick]],100))) -> 1100 | J9: =_xlfn.IFNA(1.5,0) -> 1.5 | K9: =KDK[[#This Row],[Round Total Brick]]*KDK[[#This Row],[Amount of pre brick]] -> 1650
A10: =ROW()-1 -> 9 | B10: 45567 | C10: =TEXT(KDK[[#This Row],[Date]],"dddd") -> Wednesday | D10: =WEEKNUM(KDK[[#This Row],[Date]],2) -> 40 | E10: Mahesh | F10: =_xlfn.IFNA(0,0) -> 0 | G10: =_xlfn.IFNA(0,0) -> 0 | H10: =KDK[[#This Row],[Brick]]*KDK[[#This Row],[Line]] -> 0 | I10: =IF(MOD(KDK[[#This Row],[Total Brick]],100)>90,KDK[[#This Row],[Total Brick]] - MOD(KDK[[#This Row],[Total Brick]],100) + 100,IF(MOD(KDK[[#This Row],[Total Brick]],100)>40,KDK[[#This Row],[Total Brick]] - MOD(KDK[[#This Row],[Total Brick]],100)+50,KDK[[#This Row],[Total Brick]] - MOD(KDK[[#This Row],[Total Brick]],100))) -> 0 | J10: =_xlfn.IFNA(1.5,0) -> 1.5 | K10: =KDK[[#This Row],[Round Total Brick]]*KDK[[#This Row],[Amount of pre brick]] -> 0
A11: =ROW()-1 -> 10 | B11: 45567 | C11: =TEXT(KDK[[#This Row],[Date]],"dddd") -> Wednesday | D11: =WEEKNUM(KDK[[#This Row],[Date]],2) -> 40 | E11: Ramseesh | F11: 26 | G11: 39 | H11: =KDK[[#This Row],[Brick]]*KDK[[#This Row],[Line]] -> 1014 | I11: =IF(MOD(KDK[[#This Row],[Total Brick]],100)>90,KDK[[#This Row],[Total Brick]] - MOD(KDK[[#This Row],[Total Brick]],100) + 100,IF(MOD(KDK[[#This Row],[Total Brick]],100)>40,KDK[[#This Row],[Total Brick]] - MOD(KDK[[#This Row],[Total Brick]],100)+50,KDK[[#This Row],[Total Brick]] - MOD(KDK[[#This Row],[Total Brick]],100))) -> 1000 | J11: =_xlfn.IFNA(1.5,0) -> 1.5 | K11: =KDK[[#This Row],[Round Total Brick]]*KDK[[#This Row],[Amount of pre brick]] -> 1500
A12: =ROW()-1 -> 11 | B12: 45567 | C12: =TEXT(KDK[[#This Row],[Date]],"dddd") -> Wednesday | D12: =WEEKNUM(KDK[[#This Row],[Date]],2) -> 40 | E12: Settu | F12: 25 | G12: 27 | H12: =KDK[[#This Row],[Brick]]*KDK[[#This Row],[Line]] -> 675 | I12: =IF(MOD(KDK[[#This Row],[Total Brick]],100)>90,KDK[[#This Row],[Total Brick]] - MOD(KDK[[#This Row],[Total Brick]],100) + 100,IF(MOD(KDK[[#This Row],[Total Brick]],100)>40,KDK[[#This Row],[Total Brick]] - MOD(KDK[[#This Row],[Total Brick]],100)+50,KDK[[#This Row],[Total Brick]] - MOD(KDK[[#This Row],[Total Brick]],100))) -> 650 | J12: =_xlfn.IFNA(1.5,0) -> 1.5 | K12: =KDK[[#This Row],[Round Total Brick]]*KDK[[#This Row],[Amount of pre brick]] -> 975
A13: =ROW()-1 -> 12 | B13: 45567 | C13: =TEXT(KDK[[#This Row],[Date]],"dddd") -> Wednesday | D13: =WEEKNUM(KDK[[#This Row],[Date]],2) -> 40 | E13: Settu | F13: 28 | G13: 25 | H13: =KDK[[#This Row],[Brick]]*KDK[[#This Row],[Line]] -> 700 | I13: =IF(MOD(KDK[[#This Row],[Total Brick]],100)>90,KDK[[#This Row],[Total Brick]] - MOD(KDK[[#This Row],[Total Brick]],100) + 100,IF(MOD(KDK[[#This Row],[Total Brick]],100)>40,KDK[[#This Row],[Total Brick]] - MOD(KDK[[#This Row],[Total Brick]],100)+50,KDK[[#This Row],[Total Brick]] - MOD(KDK[[#This Row],[Total Brick]],100))) -> 700 | J13: =_xlfn.IFNA(1.5,0) -> 1.5 | K13: =KDK[[#This Row],[Round Total Brick]]*KDK[[#This Row],[Amount of pre brick]] -> 1050
A14: =ROW()-1 -> 13 | B14: 45567 | C14: =TEXT(KDK[[#This Row],[Date]],"dddd") -> Wednesday | D14: =WEEKNUM(KDK[[#This Row],[Date]],2) -> 40 | E14: Dhurai | F14: =_xlfn.IFNA(0,0) -> 0 | G14: =_xlfn.IFNA(0,0) -> 0 | H14: =KDK[[#This Row],[Brick]]*KDK[[#This Row],[Line]] -> 0 | I14: =IF(MOD(KDK[[#This Row],[Total Brick]],100)>90,KDK[[#This Row],[Total Brick]] - MOD(KDK[[#This Row],[Total Brick]],100) + 100,IF(MOD(KDK[[#This Row],[Total Brick]],100)>40,KDK[[#This Row],[Total Brick]] - MOD(KDK[[#This Row],[Total Brick]],100)+50,KDK[[#This Row],[Total Brick]] - MOD(KDK[[#This Row],[Total Brick]],100))) -> 0 | J14: =_xlfn.IFNA(1.5,0) -> 1.5 | K14: =KDK[[#This Row],[Round Total Brick]]*KDK[[#This Row],[Amount of pre brick]] -> 0
A15: =ROW()-1 -> 14 | B15: 45567 | C15: =TEXT(KDK[[#This Row],[Date]],"dddd") -> Wednesday | D15: =WEEKNUM(KDK[[#This Row],[Date]],2) -> 40 | E15: Ramesh | F15: =_xlfn.IFNA(0,0) -> 0 | G15: =_xlfn.IFNA(0,0) -> 0 | H15: =KDK[[#This Row],[Brick]]*KDK[[#This Row],[Line]] -> 0 | I15: =IF(MOD(KDK[[#This Row],[Total Brick]],100)>90,KDK[[#This Row],[Total Brick]] - MOD(KDK[[#This Row],[Total Brick]],100) + 100,IF(MOD(KDK[[#This Row],[Total Brick]],100)>40,KDK[[#This Row],[Total Brick]] - MOD(KDK[[#This Row],[Total Brick]],100)+50,KDK[[#This Row],[Total Brick]] - MOD(KDK[[#This Row],[Total Brick]],100))) -> 0 | J15: =_xlfn.IFNA(1.5,0) -> 1.5 | K15: =KDK[[#This Row],[Round Total Brick]]*KDK[[#This Row],[Amount of pre brick]] -> 0
A16: =ROW()-1 -> 15 | B16: 45567 | C16: =TEXT(KDK[[#This Row],[Date]],"dddd") -> Wednesday | D16: =WEEKNUM(KDK[[#This Row],[Date]],2) -> 40 | E16: Ram Charan | F16: =_xlfn.IFNA(0,0) -> 0 | G16: =_xlfn.IFNA(0,0) -> 0 | H16: =KDK[[#This Row],[Brick]]*KDK[[#This Row],[Line]] -> 0 | I16: =IF(MOD(KDK[[#This Row],[Total Brick]],100)>90,KDK[[#This Row],[Total Brick]] - MOD(KDK[[#This Row],[Total Brick]],100) + 100,IF(MOD(KDK[[#This Row],[Total Brick]],100)>40,KDK[[#This Row],[Total Brick]] - MOD(KDK[[#This Row],[Total Brick]],100)+50,KDK[[#This Row],[Total Brick]] - MOD(KDK[[#This Row],[Total Brick]],100))) -> 0 | J16: =_xlfn.IFNA(1.5,0) -> 1.5 | K16: =KDK[[#This Row],[Round Total Brick]]*KDK[[#This Row],[Amount of pre brick]] -> 0
A17: =ROW()-1 -> 16 | B17: 45568 | C17: =TEXT(KDK[[#This Row],[Date]],"dddd") -> Thursday | D17: =WEEKNUM(KDK[[#This Row],[Date]],2) -> 40 | E17: Aakash | F17: =_xlfn.IFNA(0,0) -> 0 | G17: =_xlfn.IFNA(0,0) -> 0 | H17: =KDK[[#This Row],[Brick]]*KDK[[#This Row],[Line]] -> 0 | I17: =IF(MOD(KDK[[#This Row],[Total Brick]],100)>90,KDK[[#This Row],[Total Brick]] - MOD(KDK[[#This Row],[Total Brick]],100) + 100,IF(MOD(KDK[[#This Row],[Total Brick]],100)>40,KDK[[#This Row],[Total Brick]] - MOD(KDK[[#This Row],[Total Brick]],100)+50,KDK[[#This Row],[Total Brick]] - MOD(KDK[[#This Row],[Total Brick]],100))) -> 0 | J17: =_xlfn.IFNA(1.5,0) -> 1.5 | K17: =KDK[[#This Row],[Round Total Brick]]*KDK[[#This Row],[Amount of pre brick]] -> 0
A18: =ROW()-1 -> 17 | B18: 45568 | C18: =TEXT(KDK[[#This Row],[Date]],"dddd") -> Thursday | D18: =WEEKNUM(KDK[[#This Row],[Date]],2) -> 40 | E18: Mahesh | F18: =_xlfn.IFNA(0,0) -> 0 | G18: =_xlfn.IFNA(0,0) -> 0 | H18: =KDK[[#This Row],[Brick]]*KDK[[#This Row],[Line]] -> 0 | I18: =IF(MOD(KDK[[#This Row],[Total Brick]],100)>90,KDK[[#This Row],[Total Brick]] - MOD(KDK[[#This Row],[Total Brick]],100) + 100,IF(MOD(KDK[[#This Row],[Total Brick]],100)>40,KDK[[#This Row],[Total Brick]] - MOD(KDK[[#This Row],[Total Brick]],100)+50,KDK[[#This Row],[Total Brick]] - MOD(KDK[[#This Row],[Total Brick]],100))) -> 0 | J18: =_xlfn.IFNA(1.5,0) -> 1.5 | K18: =KDK[[#This Row],[Round Total Brick]]*KDK[[#This Row],[Amount of pre brick]] -> 0
A19: =ROW()-1 -> 18 | B19: 45568 | C19: =TEXT(KDK[[#This Row],[Date]],"dddd") -> Thursday | D19: =WEEKNUM(KDK[[#This Row],[Date]],2) -> 40 | E19: Ramseesh | F19: =_xlfn.IFNA(0,0) -> 0 | G19: =_xlfn.IFNA(0,0) -> 0 | H19: =KDK[[#This Row],[Brick]]*KDK[[#This Row],[Line]] -> 0 | I19: =IF(MOD(KDK[[#This Row],[Total Brick]],100)>90,KDK[[#This Row],[Total Brick]] - MOD(KDK[[#This Row],[Total Brick]],100) + 100,IF(MOD(KDK[[#This Row],[Total Brick]],100)>40,KDK[[#This Row],[Total Brick]] - MOD(KDK[[#This Row],[Total Brick]],100)+50,KDK[[#This Row],[Total Brick]] - MOD(KDK[[#This Row],[Total Brick]],100))) -> 0 | J19: =_xlfn.IFNA(1.5,0) -> 1.5 | K19: =KDK[[#This Row],[Round Total Brick]]*KDK[[#This Row],[Amount of pre brick]] -> 0
A20: =ROW()-1 -> 19 | B20: 45568 | C20: =TEXT(KDK[[#This Row],[Date]],"dddd") -> Thursday | D20: =WEEKNUM(KDK[[#This Row],[Date]],2) -> 40 | E20: Settu | F20: 29 | G20: 53 | H20: =KDK[[#This Row],[Brick]]*KDK[[#This Row],[Line]] -> 1537 | I20: =IF(MOD(KDK[[#This Row],[Total Brick]],100)>90,KDK[[#This Row],[Total Brick]] - MOD(KDK[[#This Row],[Total Brick]],100) + 100,IF(MOD(KDK[[#This Row],[Total Brick]],100)>40,KDK[[#This Row],[Total Brick]] - MOD(KDK[[#This Row],[Total Brick]],100)+50,KDK[[#This Row],[Total Brick]] - MOD(KDK[[#This Row],[Total Brick]],100))) -> 1500 | J20: =_xlfn.IFNA(1.5,0) -> 1.5 | K20: =KDK[[#This Row],[Round Total Brick]]*KDK[[#This Row],[Amount of pre brick]] -> 2250
A21: =ROW()-1 -> 20 | B21: 45568 | C21: =TEXT(KDK[[#This Row],[Date]],"dddd") -> Thursday | D21: =WEEKNUM(KDK[[#This Row],[Date]],2) -> 40 | E21: Dhurai | F21: =_xlfn.IFNA(0,0) -> 0 | G21: =_xlfn.IFNA(0,0) -> 0 | H21: =KDK[[#This Row],[Brick]]*KDK[[#This Row],[Line]] -> 0 | I21: =IF(MOD(KDK[[#This Row],[Total Brick]],100)>90,KDK[[#This Row],[Total Brick]] - MOD(KDK[[#This Row],[Total Brick]],100) + 100,IF(MOD(KDK[[#This Row],[Total Brick]],100)>40,KDK[[#This Row],[Total Brick]] - MOD(KDK[[#This Row],[Total Brick]],100)+50,KDK[[#This Row],[Total Brick]] - MOD(KDK[[#This Row],[Total Brick]],100))) -> 0 | J21: =_xlfn.IFNA(1.5,0) -> 1.5 | K21: =KDK[[#This Row],[Round Total Brick]]*KDK[[#This Row],[Amount of pre brick]] -> 0
A22: =ROW()-1 -> 21 | B22: 45568 | C22: =TEXT(KDK[[#This Row],[Date]],"dddd") -> Thursday | D22: =WEEKNUM(KDK[[#This Row],[Date]],2) -> 40 | E22: Ramesh | F22: =_xlfn.IFNA(0,0) -> 0 | G22: =_xlfn.IFNA(0,0) -> 0 | H22: =KDK[[#This Row],[Brick]]*KDK[[#This Row],[Line]] -> 0 | I22: =IF(MOD(KDK[[#This Row],[Total Brick]],100)>90,KDK[[#This Row],[Total Brick]] - MOD(KDK[[#This Row],[Total Brick]],100) + 100,IF(MOD(KDK[[#This Row],[Total Brick]],100)>40,KDK[[#This Row],[Total Brick]] - MOD(KDK[[#This Row],[Total Brick]],100)+50,KDK[[#This Row],[Total Brick]] - MOD(KDK[[#This Row],[Total Brick]],100))) -> 0 | J22: =_xlfn.IFNA(1.5,0) -> 1.5 | K22: =KDK[[#This Row],[Round Total Brick]]*KDK[[#This Row],[Amount of pre brick]] -> 0
A23: =ROW()-1 -> 22 | B23: 45568 | C23: =TEXT(KDK[[#This Row],[Date]],"dddd") -> Thursday | D23: =WEEKNUM(KDK[[#This Row],[Date]],2) -> 40 | E23: Ram Charan | F23: =_xlfn.IFNA(0,0) -> 0 | G23: =_xlfn.IFNA(0,0) -> 0 | H23: =KDK[[#This Row],[Brick]]*KDK[[#This Row],[Line]] -> 0 | I23: =IF(MOD(KDK[[#This Row],[Total Brick]],100)>90,KDK[[#This Row],[Total Brick]] - MOD(KDK[[#This Row],[Total Brick]],100) + 100,IF(MOD(KDK[[#This Row],[Total Brick]],100)>40,KDK[[#This Row],[Total Brick]] - MOD(KDK[[#This Row],[Total Brick]],100)+50,KDK[[#This Row],[Total Brick]] - MOD(KDK[[#This Row],[Total Brick]],100))) -> 0 | J23: =_xlfn.IFNA(1.5,0) -> 1.5 | K23: =KDK[[#This Row],[Round Total Brick]]*KDK[[#This Row],[Amount of pre brick]] -> 0
A24: =ROW()-1 -> 23 | B24: 45569 | C24: =TEXT(KDK[[#This Row],[Date]],"dddd") -> Friday | D24: =WEEKNUM(KDK[[#This Row],[Date]],2) -> 40 | E24: Aakash | F24: 26 | G24: 43 | H24: =KDK[[#This Row],[Brick]]*KDK[[#This Row],[Line]] -> 1118 | I24: =IF(MOD(KDK[[#This Row],[Total Brick]],100)>90,KDK[[#This Row],[Total Brick]] - MOD(KDK[[#This Row],[Total Brick]],100) + 100,IF(MOD(KDK[[#This Row],[Total Brick]],100)>40,KDK[[#This Row],[Total Brick]] - MOD(KDK[[#This Row],[Total Brick]],100)+50,KDK[[#This Row],[Total Brick]] - MOD(KDK[[#This Row],[Total Brick]],100))) -> 1100 | J24: =_xlfn.IFNA(1.5,0) -> 1.5 | K24: =KDK[[#This Row],[Round Total Brick]]*KDK[[#This Row],[Amount of pre brick]] -> 1650
A25: =ROW()-1 -> 24 | B25: 45569 | C25: =TEXT(KDK[[#This Row],[Date]],"dddd") -> Friday | D25: =WEEKNUM(KDK[[#This Row],[Date]],2) -> 40 | E25: Mahesh | F25: =_xlfn.IFNA(0,0) -> 0 | G25: =_xlfn.IFNA(0,0) -> 0 | H25: =KDK[[#This Row],[Brick]]*KDK[[#This Row],[Line]] -> 0 | I25: =IF(MOD(KDK[[#This Row],[Total Brick]],100)>90,KDK[[#This Row],[Total Brick]] - MOD(KDK[[#This Row],[Total Brick]],100) + 100,IF(MOD(KDK[[#This Row],[Total Brick]],100)>40,KDK[[#This Row],[Total Brick]] - MOD(KDK[[#This Row],[Total Brick]],100)+50,KDK[[#This Row],[Total Brick]] - MOD(KDK[[#This Row],[Total Brick]],100))) -> 0 | J25: =_xlfn.IFNA(1.5,0) -> 1.5 | K25: =KDK[[#This Row],[Round Total Brick]]*KDK[[#This Row],[Amount of pre brick]] -> 0
A26: =ROW()-1 -> 25 | B26: 45569 | C26: =TEXT(KDK[[#This Row],[Date]],"dddd") -> Friday | D26: =WEEKNUM(KDK[[#This Row],[Date]],2) -> 40 | E26: Ramseesh | F26: =_xlfn.IFNA(0,0) -> 0 | G26: =_xlfn.IFNA(0,0) -> 0 | H26: =KDK[[#This Row],[Brick]]*KDK[[#This Row],[Line]] -> 0 | I26: =IF(MOD(KDK[[#This Row],[Total Brick]],100)>90,KDK[[#This Row],[Total Brick]] - MOD(KDK[[#This Row],[Total Brick]],100) + 100,IF(MOD(KDK[[#This Row],[Total Brick]],100)>40,KDK[[#This Row],[Total Brick]] - MOD(KDK[[#This Row],[Total Brick]],100)+50,KDK[[#This Row],[Total Brick]] - MOD(KDK[[#This Row],[Total Brick]],100))) -> 0 | J26: =_xlfn.IFNA(1.5,0) -> 1.5 | K26: =KDK[[#This Row],[Round Total Brick]]*KDK[[#This Row],[Amount of pre brick]] -> 0
A27: =ROW()-1 -> 26 | B27: 45569 | C27: =TEXT(KDK[[#This Row],[Date]],"dddd") -> Friday | D27: =WEEKNUM(KDK[[#This Row],[Date]],2) -> 40 | E27: Settu | F27: =_xlfn.IFNA(0,0) -> 0 | G27: =_xlfn.IFNA(0,0) -> 0 | H27: =KDK[[#This Row],[Brick]]*KDK[[#This Row],[Line]] -> 0 | I27: =IF(MOD(KDK[[#This Row],[Total Brick]],100)>90,KDK[[#This Row],[Total Brick]] - MOD(KDK[[#This Row],[Total Brick]],100) + 100,IF(MOD(KDK[[#This Row],[Total Brick]],100)>40,KDK[[#This Row],[Total Brick]] - MOD(KDK[[#This Row],[Total Brick]],100)+50,KDK[[#This Row],[Total Brick]] - MOD(KDK[[#This Row],[Total Brick]],100))) -> 0 | J27: =_xlfn.IFNA(1.5,0) -> 1.5 | K27: =KDK[[#This Row],[Round Total Brick]]*KDK[[#This Row],[Amount of pre brick]] -> 0
A28: =ROW()-1 -> 27 | B28: 45569 | C28: =TEXT(KDK[[#This Row],[Date]],"dddd") -> Friday | D28: =WEEKNUM(KDK[[#This Row],[Date]],2) -> 40 | E28: Dhurai | F28: 28 | G28: 45 | H28: =KDK[[#This Row],[Brick]]*KDK[[#This Row],[Line]] -> 1260 | I28: =IF(MOD(KDK[[#This Row],[Total Brick]],100)>90,KDK[[#This Row],[Total Brick]] - MOD(KDK[[#This Row],[Total Brick]],100) + 100,IF(MOD(KDK[[#This Row],[Total Brick]],100)>40,KDK[[#This Row],[Total Brick]] - MOD(KDK[[#This Row],[Total Brick]],100)+50,KDK[[#This Row],[Total Brick]] - MOD(KDK[[#This Row],[Total Brick]],100))) -> 1250 | J28: =_xlfn.IFNA(1.5,0) -> 1.5 | K28: =KDK[[#This Row],[Round Total Brick]]*KDK[[#This Row],[Amount of pre brick]] -> 1875
A29: =ROW()-1 -> 28 | B29: 45569 | C29: =TEXT(KDK[[#This Row],[Date]],"dddd") -> Friday | D29: =WEEKNUM(KDK[[#This Row],[Date]],2) -> 40 | E29: Ramesh | F29: =_xlfn.IFNA(0,0) -> 0 | G29: =_xlfn.IFNA(0,0) -> 0 | H29: =KDK[[#This Row],[Brick]]*KDK[[#This Row],[Line]] -> 0 | I29: =IF(MOD(KDK[[#This Row],[Total Brick]],100)>90,KDK[[#This Row],[Total Brick]] - MOD(KDK[[#This Row],[Total Brick]],100) + 100,IF(MOD(KDK[[#This Row],[Total Brick]],100)>40,KDK[[#This Row],[Total Brick]] - MOD(KDK[[#This Row],[Total Brick]],100)+50,KDK[[#This Row],[Total Brick]] - MOD(KDK[[#This Row],[Total Brick]],100))) -> 0 | J29: =_xlfn.IFNA(1.5,0) -> 1.5 | K29: =KDK[[#This Row],[Round Total Brick]]*KDK[[#This Row],[Amount of pre brick]] -> 0
A30: =ROW()-1 -> 29 | B30: 45569 | C30: =TEXT(KDK[[#This Row],[Date]],"dddd") -> Friday | D30: =WEEKNUM(KDK[[#This Row],[Date]],2) -> 40 | E30: Ram Charan | F30: =_xlfn.IFNA(0,0) -> 0 | G30: =_xlfn.IFNA(0,0) -> 0 | H30: =KDK[[#This Row],[Brick]]*KDK[[#This Row],[Line]] -> 0 | I30: =IF(MOD(KDK[[#This Row],[Total Brick]],100)>90,KDK[[#This Row],[Total Brick]] - MOD(KDK[[#This Row],[Total Brick]],100) + 100,IF(MOD(KDK[[#This Row],[Total Brick]],100)>40,KDK[[#This Row],[Total Brick]] - MOD(KDK[[#This Row],[Total Brick]],100)+50,KDK[[#This Row],[Total Brick]] - MOD(KDK[[#This Row],[Total Brick]],100))) -> 0 | J30: =_xlfn.IFNA(1.5,0) -> 1.5 | K30: =KDK[[#This Row],[Round Total Brick]]*KDK[[#This Row],[Amount of pre brick]] -> 0
A31: =ROW()-1 -> 30 | B31: 45570 | C31: =TEXT(KDK[[#This Row],[Date]],"dddd") -> Saturday | D31: =WEEKNUM(KDK[[#This Row],[Date]],2) -> 40 | E31: Aakash | F31: =_xlfn.IFNA(0,0) -> 0 | G31: =_xlfn.IFNA(0,0) -> 0 | H31: =KDK[[#This Row],[Brick]]*KDK[[#This Row],[Line]] -> 0 | I31: =IF(MOD(KDK[[#This Row],[Total Brick]],100)>90,KDK[[#This Row],[Total Brick]] - MOD(KDK[[#This Row],[Total Brick]],100) + 100,IF(MOD(KDK[[#This Row],[Total Brick]],100)>40,KDK[[#This Row],[Total Brick]] - MOD(KDK[[#This Row],[Total Brick]],100)+50,KDK[[#This Row],[Total Brick]] - MOD(KDK[[#This Row],[Total Brick]],100))) -> 0 | J31: =_xlfn.IFNA(1.5,0) -> 1.5 | K31: =KDK[[#This Row],[Round Total Brick]]*KDK[[#This Row],[Amount of pre brick]] -> 0
A32: =ROW()-1 -> 31 | B32: 45570 | C32: =TEXT(KDK[[#This Row],[Date]],"dddd") -> Saturday | D32: =WEEKNUM(KDK[[#This Row],[Date]],2) -> 40 | E32: Mahesh | F32: =_xlfn.IFNA(0,0) -> 0 | G32: =_xlfn.IFNA(0,0) -> 0 | H32: =KDK[[#This Row],[Brick]]*KDK[[#This Row],[Line]] -> 0 | I32: =IF(MOD(KDK[[#This Row],[Total Brick]],100)>90,KDK[[#This Row],[Total Brick]] - MOD(KDK[[#This Row],[Total Brick]],100) + 100,IF(MOD(KDK[[#This Row],[Total Brick]],100)>40,KDK[[#This Row],[Total Brick]] - MOD(KDK[[#This Row],[Total Brick]],100)+50,KDK[[#This Row],[Total Brick]] - MOD(KDK[[#This Row],[Total Brick]],100))) -> 0 | J32: =_xlfn.IFNA(1.5,0) -> 1.5 | K32: =KDK[[#This Row],[Round Total Brick]]*KDK[[#This Row],[Amount of pre brick]] -> 0
A33: =ROW()-1 -> 32 | B33: 45570 | C33: =TEXT(KDK[[#This Row],[Date]],"dddd") -> Saturday | D33: =WEEKNUM(KDK[[#This Row],[Date]],2) -> 40 | E33: Ramseesh | F33: =_xlfn.IFNA(0,0) -> 0 | G33: =_xlfn.IFNA(0,0) -> 0 | H33: =KDK[[#This Row],[Brick]]*KDK[[#This Row],[Line]] -> 0 | I33: =IF(MOD(KDK[[#This Row],[Total Brick]],100)>90,KDK[[#This Row],[Total Brick]] - MOD(KDK[[#This Row],[Total Brick]],100) + 100,IF(MOD(KDK[[#This Row],[Total Brick]],100)>40,KDK[[#This Row],[Total Brick]] - MOD(KDK[[#This Row],[Total Brick]],100)+50,KDK[[#This Row],[Total Brick]] - MOD(KDK[[#This Row],[Total Brick]],100))) -> 0 | J33: =_xlfn.IFNA(1.5,0) -> 1.5 | K33: =KDK[[#This Row],[Round Total Brick]]*KDK[[#This Row],[Amount of pre brick]] -> 0
A34: =ROW()-1 -> 33 | B34: 45570 | C34: =TEXT(KDK[[#This Row],[Date]],"dddd") -> Saturday | D34: =WEEKNUM(KDK[[#This Row],[Date]],2) -> 40 | E34: Settu | F34: =_xlfn.IFNA(0,0) -> 0 | G34: =_xlfn.IFNA(0,0) -> 0 | H34: =KDK[[#This Row],[Brick]]*KDK[[#This Row],[Line]] -> 0 | I34: =IF(MOD(KDK[[#This Row],[Total Brick]],100)>90,KDK[[#This Row],[Total Brick]] - MOD(KDK[[#This Row],[Total Brick]],100) + 100,IF(MOD(KDK[[#This Row],[Total Brick]],100)>40,KDK[[#This Row],[Total Brick]] - MOD(KDK[[#This Row],[Total Brick]],100)+50,KDK[[#This Row],[Total Brick]] - MOD(KDK[[#This Row],[Total Brick]],100))) -> 0 | J34: =_xlfn.IFNA(1.5,0) -> 1.5 | K34: =KDK[[#This Row],[Round Total Brick]]*KDK[[#This Row],[Amount of pre brick]] -> 0
A35: =ROW()-1 -> 34 | B35: 45570 | C35: =TEXT(KDK[[#This Row],[Date]],"dddd") -> Saturday | D35: =WEEKNUM(KDK[[#This Row],[Date]],2) -> 40 | E35: Dhurai | F35: =_xlfn.IFNA(0,0) -> 0 | G35: =_xlfn.IFNA(0,0) -> 0 | H35: =KDK[[#This Row],[Brick]]*KDK[[#This Row],[Line]] -> 0 | I35: =IF(MOD(KDK[[#This Row],[Total Brick]],100)>90,KDK[[#This Row],[Total Brick]] - MOD(KDK[[#This Row],[Total Brick]],100) + 100,IF(MOD(KDK[[#This Row],[Total Brick]],100)>40,KDK[[#This Row],[Total Brick]] - MOD(KDK[[#This Row],[Total Brick]],100)+50,KDK[[#This Row],[Total Brick]] - MOD(KDK[[#This Row],[Total Brick]],100))) -> 0 | J35: =_xlfn.IFNA(1.5,0) -> 1.5 | K35: =KDK[[#This Row],[Round Total Brick]]*KDK[[#This Row],[Amount of pre brick]] -> 0
A36: =ROW()-1 -> 35 | B36: 45570 | C36: =TEXT(KDK[[#This Row],[Date]],"dddd") -> Saturday | D36: =WEEKNUM(KDK[[#This Row],[Date]],2) -> 40 | E36: Ramesh | F36: =_xlfn.IFNA(0,0) -> 0 | G36: =_xlfn.IFNA(0,0) -> 0 | H36: =KDK[[#This Row],[Brick]]*KDK[[#This Row],[Line]] -> 0 | I36: =IF(MOD(KDK[[#This Row],[Total Brick]],100)>90,KDK[[#This Row],[Total Brick]] - MOD(KDK[[#This Row],[Total Brick]],100) + 100,IF(MOD(KDK[[#This Row],[Total Brick]],100)>40,KDK[[#This Row],[Total Brick]] - MOD(KDK[[#This Row],[Total Brick]],100)+50,KDK[[#This Row],[Total Brick]] - MOD(KDK[[#This Row],[Total Brick]],100))) -> 0 | J36: =_xlfn.IFNA(1.5,0) -> 1.5 | K36: =KDK[[#This Row],[Round Total Brick]]*KDK[[#This Row],[Amount of pre brick]] -> 0
A37: =ROW()-1 -> 36 | B37: 45570 | C37: =TEXT(KDK[[#This Row],[Date]],"dddd") -> Saturday | D37: =WEEKNUM(KDK[[#This Row],[Date]],2) -> 40 | E37: Ram Charan | F37: =_xlfn.IFNA(0,0) -> 0 | G37: =_xlfn.IFNA(0,0) -> 0 | H37: =KDK[[#This Row],[Brick]]*KDK[[#This Row],[Line]] -> 0 | I37: =IF(MOD(KDK[[#This Row],[Total Brick]],100)>90,KDK[[#This Row],[Total Brick]] - MOD(KDK[[#This Row],[Total Brick]],100) + 100,IF(MOD(KDK[[#This Row],[Total Brick]],100)>40,KDK[[#This Row],[Total Brick]] - MOD(KDK[[#This Row],[Total Brick]],100)+50,KDK[[#This Row],[Total Brick]] - MOD(KDK[[#This Row],[Total Brick]],100))) -> 0 | J37: =_xlfn.IFNA(1.5,0) -> 1.5 | K37: =KDK[[#This Row],[Round Total Brick]]*KDK[[#This Row],[Amount of pre brick]] -> 0
A38: =ROW()-1 -> 37 | B38: 45571 | C38: =TEXT(KDK[[#This Row],[Date]],"dddd") -> Sunday | D38: =WEEKNUM(KDK[[#This Row],[Date]],2) -> 40 | E38: Aakash | F38: =_xlfn.IFNA(0,0) -> 0 | G38: =_xlfn.IFNA(0,0) -> 0 | H38: =KDK[[#This Row],[Brick]]*KDK[[#This Row],[Line]] -> 0 | I38: =IF(MOD(KDK[[#This Row],[Total Brick]],100)>90,KDK[[#This Row],[Total Brick]] - MOD(KDK[[#This Row],[Total Brick]],100) + 100,IF(MOD(KDK[[#This Row],[Total Brick]],100)>40,KDK[[#This Row],[Total Brick]] - MOD(KDK[[#This Row],[Total Brick]],100)+50,KDK[[#This Row],[Total Brick]] - MOD(KDK[[#This Row],[Total Brick]],100))) -> 0 | J38: =_xlfn.IFNA(1.5,0) -> 1.5 | K38: =KDK[[#This Row],[Round Total Brick]]*KDK[[#This Row],[Amount of pre brick]] -> 0
A39: =ROW()-1 -> 38 | B39: 45571 | C39: =TEXT(KDK[[#This Row],[Date]],"dddd") -> Sunday | D39: =WEEKNUM(KDK[[#This Row],[Date]],2) -> 40 | E39: Mahesh | F39: =_xlfn.IFNA(0,0) -> 0 | G39: =_xlfn.IFNA(0,0) -> 0 | H39: =KDK[[#This Row],[Brick]]*KDK[[#This Row],[Line]] -> 0 | I39: =IF(MOD(KDK[[#This Row],[Total Brick]],100)>90,KDK[[#This Row],[Total Brick]] - MOD(KDK[[#This Row],[Total Brick]],100) + 100,IF(MOD(KDK[[#This Row],[Total Brick]],100)>40,KDK[[#This Row],[Total Brick]] - MOD(KDK[[#This Row],[Total Brick]],100)+50,KDK[[#This Row],[Total Brick]] - MOD(KDK[[#This Row],[Total Brick]],100))) -> 0 | J39: =_xlfn.IFNA(1.5,0) -> 1.5 | K39: =KDK[[#This Row],[Round Total Brick]]*KDK[[#This Row],[Amount of pre brick]] -> 0
A40: =ROW()-1 -> 39 | B40: 45571 | C40: =TEXT(KDK[[#This Row],[Date]],"dddd") -> Sunday | D40: =WEEKNUM(KDK[[#This Row],[Date]],2) -> 40 | E40: Ramseesh | F40: =_xlfn.IFNA(0,0) -> 0 | G40: =_xlfn.IFNA(0,0) -> 0 | H40: =KDK[[#This Row],[Brick]]*KDK[[#This Row],[Line]] -> 0 | I40: =IF(MOD(KDK[[#This Row],[Total Brick]],100)>90,KDK[[#This Row],[Total Brick]] - MOD(KDK[[#This Row],[Total Brick]],100) + 100,IF(MOD(KDK[[#This Row],[Total Brick]],100)>40,KDK[[#This Row],[Total Brick]] - MOD(KDK[[#This Row],[Total Brick]],100)+50,KDK[[#This Row],[Total Brick]] - MOD(KDK[[#This Row],[Total Brick]],100))) -> 0 | J40: =_xlfn.IFNA(1.5,0) -> 1.5 | K40: =KDK[[#This Row],[Round Total Brick]]*KDK[[#This Row],[Amount of pre brick]] -> 0
... A54: =ROW()-1 -> 53 | B54: 45573 | C54: =TEXT(KDK[[#This Row],[Date]],"dddd") -> Tuesday | D54: =WEEKNUM(KDK[[#This Row],[Date]],2) -> 41 | E54: Ramseesh | F54: =_xlfn.IFNA(0,0) -> 0 | G54: =_xlfn.IFNA(0,0) -> 0 | H54: =KDK[[#This Row],[Brick]]*KDK[[#This Row],[Line]] -> 0 | I54: =IF(MOD(KDK[[#This Row],[Total Brick]],100)>90,KDK[[#This Row],[Total Brick]] - MOD(KDK[[#This Row],[Total Brick]],100) + 100,IF(MOD(KDK[[#This Row],[Total Brick]],100)>40,KDK[[#This Row],[Total Brick]] - MOD(KDK[[#This Row],[Total Brick]],100)+50,KDK[[#This Row],[Total Brick]] - MOD(KDK[[#This Row],[Total Brick]],100))) -> 0 | J54: =_xlfn.IFNA(1.5,0) -> 1.5 | K54: =KDK[[#This Row],[Round Total Brick]]*KDK[[#This Row],[Amount of pre brick]] -> 0
A55: =ROW()-1 -> 54 | B55: 45573 | C55: =TEXT(KDK[[#This Row],[Date]],"dddd") -> Tuesday | D55: =WEEKNUM(KDK[[#This Row],[Date]],2) -> 41 | E55: Settu | F55: 28 | G55: 36 | H55: =KDK[[#This Row],[Brick]]*KDK[[#This Row],[Line]] -> 1008 | I55: =IF(MOD(KDK[[#This Row],[Total Brick]],100)>90,KDK[[#This Row],[Total Brick]] - MOD(KDK[[#This Row],[Total Brick]],100) + 100,IF(MOD(KDK[[#This Row],[Total Brick]],100)>40,KDK[[#This Row],[Total Brick]] - MOD(KDK[[#This Row],[Total Brick]],100)+50,KDK[[#This Row],[Total Brick]] - MOD(KDK[[#This Row],[Total Brick]],100))) -> 1000 | J55: =_xlfn.IFNA(1.5,0) -> 1.5 | K55: =KDK[[#This Row],[Round Total Brick]]*KDK[[#This Row],[Amount of pre brick]] -> 1500
A56: =ROW()-1 -> 55 | B56: 45573 | C56: =TEXT(KDK[[#This Row],[Date]],"dddd") -> Tuesday | D56: =WEEKNUM(KDK[[#This Row],[Date]],2) -> 41 | E56: Dhurai | F56: =_xlfn.IFNA(0,0) -> 0 | G56: =_xlfn.IFNA(0,0) -> 0 | H56: =KDK[[#This Row],[Brick]]*KDK[[#This Row],[Line]] -> 0 | I56: =IF(MOD(KDK[[#This Row],[Total Brick]],100)>90,KDK[[#This Row],[Total Brick]] - MOD(KDK[[#This Row],[Total Brick]],100) + 100,IF(MOD(KDK[[#This Row],[Total Brick]],100)>40,KDK[[#This Row],[Total Brick]] - MOD(KDK[[#This Row],[Total Brick]],100)+50,KDK[[#This Row],[Total Brick]] - MOD(KDK[[#This Row],[Total Brick]],100))) -> 0 | J56: =_xlfn.IFNA(1.5,0) -> 1.5 | K56: =KDK[[#This Row],[Round Total Brick]]*KDK[[#This Row],[Amount of pre brick]] -> 0
A57: =ROW()-1 -> 56 | B57: 45573 | C57: =TEXT(KDK[[#This Row],[Date]],"dddd") -> Tuesday | D57: =WEEKNUM(KDK[[#This Row],[Date]],2) -> 41 | E57: Ramesh | F57: =_xlfn.IFNA(0,0) -> 0 | G57: =_xlfn.IFNA(0,0) -> 0 | H57: =KDK[[#This Row],[Brick]]*KDK[[#This Row],[Line]] -> 0 | I57: =IF(MOD(KDK[[#This Row],[Total Brick]],100)>90,KDK[[#This Row],[Total Brick]] - MOD(KDK[[#This Row],[Total Brick]],100) + 100,IF(MOD(KDK[[#This Row],[Total Brick]],100)>40,KDK[[#This Row],[Total Brick]] - MOD(KDK[[#This Row],[Total Brick]],100)+50,KDK[[#This Row],[Total Brick]] - MOD(KDK[[#This Row],[Total Brick]],100))) -> 0 | J57: =_xlfn.IFNA(1.5,0) -> 1.5 | K57: =KDK[[#This Row],[Round Total Brick]]*KDK[[#This Row],[Amount of pre brick]] -> 0
A58: =ROW()-1 -> 57 | B58: 45573 | C58: =TEXT(KDK[[#This Row],[Date]],"dddd") -> Tuesday | D58: =WEEKNUM(KDK[[#This Row],[Date]],2) -> 41 | E58: Ram Charan | F58: =_xlfn.IFNA(0,0) -> 0 | G58: =_xlfn.IFNA(0,0) -> 0 | H58: =KDK[[#This Row],[Brick]]*KDK[[#This Row],[Line]] -> 0 | I58: =IF(MOD(KDK[[#This Row],[Total Brick]],100)>90,KDK[[#This Row],[Total Brick]] - MOD(KDK[[#This Row],[Total Brick]],100) + 100,IF(MOD(KDK[[#This Row],[Total Brick]],100)>40,KDK[[#This Row],[Total Brick]] - MOD(KDK[[#This Row],[Total Brick]],100)+50,KDK[[#This Row],[Total Brick]] - MOD(KDK[[#This Row],[Total Brick]],100))) -> 0 | J58: =_xlfn.IFNA(1.5,0) -> 1.5 | K58: =KDK[[#This Row],[Round Total Brick]]*KDK[[#This Row],[Amount of pre brick]] -> 0
A59: =ROW()-1 -> 58 | B59: 45574 | C59: =TEXT(KDK[[#This Row],[Date]],"dddd") -> Wednesday | D59: =WEEKNUM(KDK[[#This Row],[Date]],2) -> 41 | E59: Aakash | F59: 28 | G59: 43 | H59: =KDK[[#This Row],[Brick]]*KDK[[#This Row],[Line]] -> 1204 | I59: =IF(MOD(KDK[[#This Row],[Total Brick]],100)>90,KDK[[#This Row],[Total Brick]] - MOD(KDK[[#This Row],[Total Brick]],100) + 100,IF(MOD(KDK[[#This Row],[Total Brick]],100)>40,KDK[[#This Row],[Total Brick]] - MOD(KDK[[#This Row],[Total Brick]],100)+50,KDK[[#This Row],[Total Brick]] - MOD(KDK[[#This Row],[Total Brick]],100))) -> 1200 | J59: =_xlfn.IFNA(1.5,0) -> 1.5 | K59: =KDK[[#This Row],[Round Total Brick]]*KDK[[#This Row],[Amount of pre brick]] -> 1800
A60: =ROW()-1 -> 59 | B60: 45574 | C60: =TEXT(KDK[[#This Row],[Date]],"dddd") -> Wednesday | D60: =WEEKNUM(KDK[[#This Row],[Date]],2) -> 41 | E60: Mahesh | F60: 27 | G60: 41 | H60: =KDK[[#This Row],[Brick]]*KDK[[#This Row],[Line]] -> 1107 | I60: =IF(MOD(KDK[[#This Row],[Total Brick]],100)>90,KDK[[#This Row],[Total Brick]] - MOD(KDK[[#This Row],[Total Brick]],100) + 100,IF(MOD(KDK[[#This Row],[Total Brick]],100)>40,KDK[[#This Row],[Total Brick]] - MOD(KDK[[#This Row],[Total Brick]],100)+50,KDK[[#This Row],[Total Brick]] - MOD(KDK[[#This Row],[Total Brick]],100))) -> 1100 | J60: =_xlfn.IFNA(1.5,0) -> 1.5 | K60: =KDK[[#This Row],[Round Total Brick]]*KDK[[#This Row],[Amount of pre brick]] -> 1650
A61: =ROW()-1 -> 60 | B61: 45574 | C61: =TEXT(KDK[[#This Row],[Date]],"dddd") -> Wednesday | D61: =WEEKNUM(KDK[[#This Row],[Date]],2) -> 41 | E61: Ramseesh | F61: 26 | G61: 43 | H61: =KDK[[#This Row],[Brick]]*KDK[[#This Row],[Line]] -> 1118 | I61: =IF(MOD(KDK[[#This Row],[Total Brick]],100)>90,KDK[[#This Row],[Total Brick]] - MOD(KDK[[#This Row],[Total Brick]],100) + 100,IF(MOD(KDK[[#This Row],[Total Brick]],100)>40,KDK[[#This Row],[Total Brick]] - MOD(KDK[[#This Row],[Total Brick]],100)+50,KDK[[#This Row],[Total Brick]] - MOD(KDK[[#This Row],[Total Brick]],100))) -> 1100 | J61: =_xlfn.IFNA(1.5,0) -> 1.5 | K61: =KDK[[#This Row],[Round Total Brick]]*KDK[[#This Row],[Amount of pre brick]] -> 1650
A62: =ROW()-1 -> 61 | B62: 45574 | C62: =TEXT(KDK[[#This Row],[Date]],"dddd") -> Wednesday | D62: =WEEKNUM(KDK[[#This Row],[Date]],2) -> 41 | E62: Settu | F62: 32 | G62: 35 | H62: =KDK[[#This Row],[Brick]]*KDK[[#This Row],[Line]] -> 1120 | I62: =IF(MOD(KDK[[#This Row],[Total Brick]],100)>90,KDK[[#This Row],[Total Brick]] - MOD(KDK[[#This Row],[Total Brick]],100) + 100,IF(MOD(KDK[[#This Row],[Total Brick]],100)>40,KDK[[#This Row],[Total Brick]] - MOD(KDK[[#This Row],[Total Brick]],100)+50,KDK[[#This Row],[Total Brick]] - MOD(KDK[[#This Row],[Total Brick]],100))) -> 1100 | J62: =_xlfn.IFNA(1.5,0) -> 1.5 | K62: =KDK[[#This Row],[Round Total Brick]]*KDK[[#This Row],[Amount of pre brick]] -> 1650
A63: =ROW()-1 -> 62 | B63: 45574 | C63: =TEXT(KDK[[#This Row],[Date]],"dddd") -> Wednesday | D63: =WEEKNUM(KDK[[#This Row],[Date]],2) -> 41 | E63: Settu | F63: 30 | G63: 34 | H63: =KDK[[#This Row],[Brick]]*KDK[[#This Row],[Line]] -> 1020 | I63: =IF(MOD(KDK[[#This Row],[Total Brick]],100)>90,KDK[[#This Row],[Total Brick]] - MOD(KDK[[#This Row],[Total Brick]],100) + 100,IF(MOD(KDK[[#This Row],[Total Brick]],100)>40,KDK[[#This Row],[Total Brick]] - MOD(KDK[[#This Row],[Total Brick]],100)+50,KDK[[#This Row],[Total Brick]] - MOD(KDK[[#This Row],[Total Brick]],100))) -> 1000 | J63: =_xlfn.IFNA(1.5,0) -> 1.5 | K63: =KDK[[#This Row],[Round Total Brick]]*KDK[[#This Row],[Amount of pre brick]] -> 1500
A64: =ROW()-1 -> 63 | B64: 45574 | C64: =TEXT(KDK[[#This Row],[Date]],"dddd") -> Wednesday | D64: =WEEKNUM(KDK[[#This Row],[Date]],2) -> 41 | E64: Dhurai | F64: =_xlfn.IFNA(0,0) -> 0 | G64: =_xlfn.IFNA(0,0) -> 0 | H64: =KDK[[#This Row],[Brick]]*KDK[[#This Row],[Line]] -> 0 | I64: =IF(MOD(KDK[[#This Row],[Total Brick]],100)>90,KDK[[#This Row],[Total Brick]] - MOD(KDK[[#This Row],[Total Brick]],100) + 100,IF(MOD(KDK[[#This Row],[Total Brick]],100)>40,KDK[[#This Row],[Total Brick]] - MOD(KDK[[#This Row],[Total Brick]],100)+50,KDK[[#This Row],[Total Brick]] - MOD(KDK[[#This Row],[Total Brick]],100))) -> 0 | J64: =_xlfn.IFNA(1.5,0) -> 1.5 | K64: =KDK[[#This Row],[Round Total Brick]]*KDK[[#This Row],[Amount of pre brick]] -> 0
A65: =ROW()-1 -> 64 | B65: 45574 | C65: =TEXT(KDK[[#This Row],[Date]],"dddd") -> Wednesday | D65: =WEEKNUM(KDK[[#This Row],[Date]],2) -> 41 | E65: Ramesh | F65: 35 | G65: 31 | H65: =KDK[[#This Row],[Brick]]*KDK[[#This Row],[Line]] -> 1085 | I65: =IF(MOD(KDK[[#This Row],[Total Brick]],100)>90,KDK[[#This Row],[Total Brick]] - MOD(KDK[[#This Row],[Total Brick]],100) + 100,IF(MOD(KDK[[#This Row],[Total Brick]],100)>40,KDK[[#This Row],[Total Brick]] - MOD(KDK[[#This Row],[Total Brick]],100)+50,KDK[[#This Row],[Total Brick]] - MOD(KDK[[#This Row],[Total Brick]],100))) -> 1050 | J65: =_xlfn.IFNA(1.5,0) -> 1.5 | K65: =KDK[[#This Row],[Round Total Brick]]*KDK[[#This Row],[Amount of pre brick]] -> 1575
A66: =ROW()-1 -> 65 | B66: 45574 | C66: =TEXT(KDK[[#This Row],[Date]],"dddd") -> Wednesday | D66: =WEEKNUM(KDK[[#This Row],[Date]],2) -> 41 | E66: Ram Charan | F66: 30 | G66: 20 | H66: =KDK[[#This Row],[Brick]]*KDK[[#This Row],[Line]] -> 600 | I66: =IF(MOD(KDK[[#This Row],[Total Brick]],100)>90,KDK[[#This Row],[Total Brick]] - MOD(KDK[[#This Row],[Total Brick]],100) + 100,IF(MOD(KDK[[#This Row],[Total Brick]],100)>40,KDK[[#This Row],[Total Brick]] - MOD(KDK[[#This Row],[Total Brick]],100)+50,KDK[[#This Row],[Total Brick]] - MOD(KDK[[#This Row],[Total Brick]],100))) -> 600 | J66: =_xlfn.IFNA(1.5,0) -> 1.5 | K66: =KDK[[#This Row],[Round Total Brick]]*KDK[[#This Row],[Amount of pre brick]] -> 900
A67: =ROW()-1 -> 66 | B67: 45575 | C67: =TEXT(KDK[[#This Row],[Date]],"dddd") -> Thursday | D67: =WEEKNUM(KDK[[#This Row],[Date]],2) -> 41 | E67: Aakash | F67: 29 | G67: 42 | H67: =KDK[[#This Row],[Brick]]*KDK[[#This Row],[Line]] -> 1218 | I67: =IF(MOD(KDK[[#This Row],[Total Brick]],100)>90,KDK[[#This Row],[Total Brick]] - MOD(KDK[[#This Row],[Total Brick]],100) + 100,IF(MOD(KDK[[#This Row],[Total Brick]],100)>40,KDK[[#This Row],[Total Brick]] - MOD(KDK[[#This Row],[Total Brick]],100)+50,KDK[[#This Row],[Total Brick]] - MOD(KDK[[#This Row],[Total Brick]],100))) -> 1200 | J67: =_xlfn.IFNA(1.5,0) -> 1.5 | K67: =KDK[[#This Row],[Round Total Brick]]*KDK[[#This Row],[Amount of pre brick]] -> 1800
A68: =ROW()-1 -> 67 | B68: 45575 | C68: =TEXT(KDK[[#This Row],[Date]],"dddd") -> Thursday | D68: =WEEKNUM(KDK[[#This Row],[Date]],2) -> 41 | E68: Mahesh | F68: =_xlfn.IFNA(0,0) -> 0 | G68: =_xlfn.IFNA(0,0) -> 0 | H68: =KDK[[#This Row],[Brick]]*KDK[[#This Row],[Line]] -> 0 | I68: =IF(MOD(KDK[[#This Row],[Total Brick]],100)>90,KDK[[#This Row],[Total Brick]] - MOD(KDK[[#This Row],[Total Brick]],100) + 100,IF(MOD(KDK[[#This Row],[Total Brick]],100)>40,KDK[[#This Row],[Total Brick]] - MOD(KDK[[#This Row],[Total Brick]],100)+50,KDK[[#This Row],[Total Brick]] - MOD(KDK[[#This Row],[Total Brick]],100))) -> 0 | J68: =_xlfn.IFNA(1.5,0) -> 1.5 | K68: =KDK[[#This Row],[Round Total Brick]]*KDK[[#This Row],[Amount of pre brick]] -> 0
A69: =ROW()-1 -> 68 | B69: 45575 | C69: =TEXT(KDK[[#This Row],[Date]],"dddd") -> Thursday | D69: =WEEKNUM(KDK[[#This Row],[Date]],2) -> 41 | E69: Ramseesh | F69: 25 | G69: 44 | H69: =KDK[[#This Row],[Brick]]*KDK[[#This Row],[Line]] -> 1100 | I69: =IF(MOD(KDK[[#This Row],[Total Brick]],100)>90,KDK[[#This Row],[Total Brick]] - MOD(KDK[[#This Row],[Total Brick]],100) + 100,IF(MOD(KDK[[#This Row],[Total Brick]],100)>40,KDK[[#This Row],[Total Brick]] - MOD(KDK[[#This Row],[Total Brick]],100)+50,KDK[[#This Row],[Total Brick]] - MOD(KDK[[#This Row],[Total Brick]],100))) -> 1100 | J69: =_xlfn.IFNA(1.5,0) -> 1.5 | K69: =KDK[[#This Row],[Round Total Brick]]*KDK[[#This Row],[Amount of pre brick]] -> 1650
A70: =ROW()-1 -> 69 | B70: 45575 | C70: =TEXT(KDK[[#This Row],[Date]],"dddd") -> Thursday | D70: =WEEKNUM(KDK[[#This Row],[Date]],2) -> 41 | E70: Settu | F70: 28 | G70: 35 | H70: =KDK[[#This Row],[Brick]]*KDK[[#This Row],[Line]] -> 980 | I70: =IF(MOD(KDK[[#This Row],[Total Brick]],100)>90,KDK[[#This Row],[Total Brick]] - MOD(KDK[[#This Row],[Total Brick]],100) + 100,IF(MOD(KDK[[#This Row],[Total Brick]],100)>40,KDK[[#This Row],[Total Brick]] - MOD(KDK[[#This Row],[Total Brick]],100)+50,KDK[[#This Row],[Total Brick]] - MOD(KDK[[#This Row],[Total Brick]],100))) -> 950 | J70: =_xlfn.IFNA(1.5,0) -> 1.5 | K70: =KDK[[#This Row],[Round Total Brick]]*KDK[[#This Row],[Amount of pre brick]] -> 1425
A71: =ROW()-1 -> 70 | B71: 45575 | C71: =TEXT(KDK[[#This Row],[Date]],"dddd") -> Thursday | D71: =WEEKNUM(KDK[[#This Row],[Date]],2) -> 41 | E71: Settu | F71: 33 | G71: 32 | H71: =KDK[[#This Row],[Brick]]*KDK[[#This Row],[Line]] -> 1056 | I71: =IF(MOD(KDK[[#This Row],[Total Brick]],100)>90,KDK[[#This Row],[Total Brick]] - MOD(KDK[[#This Row],[Total Brick]],100) + 100,IF(MOD(KDK[[#This Row],[Total Brick]],100)>40,KDK[[#This Row],[Total Brick]] - MOD(KDK[[#This Row],[Total Brick]],100)+50,KDK[[#This Row],[Total Brick]] - MOD(KDK[[#This Row],[Total Brick]],100))) -> 1050 | J71: =_xlfn.IFNA(1.5,0) -> 1.5 | K71: =KDK[[#This Row],[Round Total Brick]]*KDK[[#This Row],[Amount of pre brick]] -> 1575
A72: =ROW()-1 -> 71 | B72: 45575 | C72: =TEXT(KDK[[#This Row],[Date]],"dddd") -> Thursday | D72: =WEEKNUM(KDK[[#This Row],[Date]],2) -> 41 | E72: Dhurai | F72: 25 | G72: 44 | H72: =KDK[[#This Row],[Brick]]*KDK[[#This Row],[Line]] -> 1100 | I72: =IF(MOD(KDK[[#This Row],[Total Brick]],100)>90,KDK[[#This Row],[Total Brick]] - MOD(KDK[[#This Row],[Total Brick]],100) + 100,IF(MOD(KDK[[#This Row],[Total Brick]],100)>40,KDK[[#This Row],[Total Brick]] - MOD(KDK[[#This Row],[Total Brick]],100)+50,KDK[[#This Row],[Total Brick]] - MOD(KDK[[#This Row],[Total Brick]],100))) -> 1100 | J72: =_xlfn.IFNA(1.5,0) -> 1.5 | K72: =KDK[[#This Row],[Round Total Brick]]*KDK[[#This Row],[Amount of pre brick]] -> 1650
A73: =ROW()-1 -> 72 | B73: 45575 | C73: =TEXT(KDK[[#This Row],[Date]],"dddd") -> Thursday | D73: =WEEKNUM(KDK[[#This Row],[Date]],2) -> 41 | E73: Ramesh | F73: =_xlfn.IFNA(0,0) -> 0 | G73: =_xlfn.IFNA(0,0) -> 0 | H73: =KDK[[#This Row],[Brick]]*KDK[[#This Row],[Line]] -> 0 | I73: =IF(MOD(KDK[[#This Row],[Total Brick]],100)>90,KDK[[#This Row],[Total Brick]] - MOD(KDK[[#This Row],[Total Brick]],100) + 100,IF(MOD(KDK[[#This Row],[Total Brick]],100)>40,KDK[[#This Row],[Total Brick]] - MOD(KDK[[#This Row],[Total Brick]],100)+50,KDK[[#This Row],[Total Brick]] - MOD(KDK[[#This Row],[Total Brick]],100))) -> 0 | J73: =_xlfn.IFNA(1.5,0) -> 1.5 | K73: =KDK[[#This Row],[Round Total Brick]]*KDK[[#This Row],[Amount of pre brick]] -> 0
A74: =ROW()-1 -> 73 | B74: 45575 | C74: =TEXT(KDK[[#This Row],[Date]],"dddd") -> Thursday | D74: =WEEKNUM(KDK[[#This Row],[Date]],2) -> 41 | E74: Ram Charan | F74: =_xlfn.IFNA(0,0) -> 0 | G74: =_xlfn.IFNA(0,0) -> 0 | H74: =KDK[[#This Row],[Brick]]*KDK[[#This Row],[Line]] -> 0 | I74: =IF(MOD(KDK[[#This Row],[Total Brick]],100)>90,KDK[[#This Row],[Total Brick]] - MOD(KDK[[#This Row],[Total Brick]],100) + 100,IF(MOD(KDK[[#This Row],[Total Brick]],100)>40,KDK[[#This Row],[Total Brick]] - MOD(KDK[[#This Row],[Total Brick]],100)+50,KDK[[#This Row],[Total Brick]] - MOD(KDK[[#This Row],[Total Brick]],100))) -> 0 | J74: =_xlfn.IFNA(1.5,0) -> 1.5 | K74: =KDK[[#This Row],[Round Total Brick]]*KDK[[#This Row],[Amount of pre brick]] -> 0
A75: =ROW()-1 -> 74 | B75: 45576 | C75: =TEXT(KDK[[#This Row],[Date]],"dddd") -> Friday | D75: =WEEKNUM(KDK[[#This Row],[Date]],2) -> 41 | E75: Aakash | F75: 28 | G75: 43 | H75: =KDK[[#This Row],[Brick]]*KDK[[#This Row],[Line]] -> 1204 | I75: =IF(MOD(KDK[[#This Row],[Total Brick]],100)>90,KDK[[#This Row],[Total Brick]] - MOD(KDK[[#This Row],[Total Brick]],100) + 100,IF(MOD(KDK[[#This Row],[Total Brick]],100)>40,KDK[[#This Row],[Total Brick]] - MOD(KDK[[#This Row],[Total Brick]],100)+50,KDK[[#This Row],[Total Brick]] - MOD(KDK[[#This Row],[Total Brick]],100))) -> 1200 | J75: =_xlfn.IFNA(1.5,0) -> 1.5 | K75: =KDK[[#This Row],[Round Total Brick]]*KDK[[#This Row],[Amount of pre brick]] -> 1800
A76: =ROW()-1 -> 75 | B76: 45576 | C76: =TEXT(KDK[[#This Row],[Date]],"dddd") -> Friday | D76: =WEEKNUM(KDK[[#This Row],[Date]],2) -> 41 | E76: Mahesh | F76: 24 | G76: 45 | H76: =KDK[[#This Row],[Brick]]*KDK[[#This Row],[Line]] -> 1080 | I76: =IF(MOD(KDK[[#This Row],[Total Brick]],100)>90,KDK[[#This Row],[Total Brick]] - MOD(KDK[[#This Row],[Total Brick]],100) + 100,IF(MOD(KDK[[#This Row],[Total Brick]],100)>40,KDK[[#This Row],[Total Brick]] - MOD(KDK[[#This Row],[Total Brick]],100)+50,KDK[[#This Row],[Total Brick]] - MOD(KDK[[#This Row],[Total Brick]],100))) -> 1050 | J76: =_xlfn.IFNA(1.5,0) -> 1.5 | K76: =KDK[[#This Row],[Round Total Brick]]*KDK[[#This Row],[Amount of pre brick]] -> 1575
A77: =ROW()-1 -> 76 | B77: 45576 | C77: =TEXT(KDK[[#This Row],[Date]],"dddd") -> Friday | D77: =WEEKNUM(KDK[[#This Row],[Date]],2) -> 41 | E77: Ramseesh | F77: 28 | G77: 41 | H77: =KDK[[#This Row],[Brick]]*KDK[[#This Row],[Line]] -> 1148 | I77: =IF(MOD(KDK[[#This Row],[Total Brick]],100)>90,KDK[[#This Row],[Total Brick]] - MOD(KDK[[#This Row],[Total Brick]],100) + 100,IF(MOD(KDK[[#This Row],[Total Brick]],100)>40,KDK[[#This Row],[Total Brick]] - MOD(KDK[[#This Row],[Total Brick]],100)+50,KDK[[#This Row],[Total Brick]] - MOD(KDK[[#This Row],[Total Brick]],100))) -> 1150 | J77: =_xlfn.IFNA(1.5,0) -> 1.5 | K77: =KDK[[#This Row],[Round Total Brick]]*KDK[[#This Row],[Amount of pre brick]] -> 1725
A78: =ROW()-1 -> 77 | B78: 45576 | C78: =TEXT(KDK[[#This Row],[Date]],"dddd") -> Friday | D78: =WEEKNUM(KDK[[#This Row],[Date]],2) -> 41 | E78: Settu | F78: 30 | G78: 36 | H78: =KDK[[#This Row],[Brick]]*KDK[[#This Row],[Line]] -> 1080 | I78: =IF(MOD(KDK[[#This Row],[Total Brick]],100)>90,KDK[[#This Row],[Total Brick]] - MOD(KDK[[#This Row],[Total Brick]],100) + 100,IF(MOD(KDK[[#This Row],[Total Brick]],100)>40,KDK[[#This Row],[Total Brick]] - MOD(KDK[[#This Row],[Total Brick]],100)+50,KDK[[#This Row],[Total Brick]] - MOD(KDK[[#This Row],[Total Brick]],100))) -> 1050 | J78: =_xlfn.IFNA(1.5,0) -> 1.5 | K78: =KDK[[#This Row],[Round Total Brick]]*KDK[[#This Row],[Amount of pre brick]] -> 1575
A79: =ROW()-1 -> 78 | B79: 45576 | C79: =TEXT(KDK[[#This Row],[Date]],"dddd") -> Friday | D79: =WEEKNUM(KDK[[#This Row],[Date]],2) -> 41 | E79: Dhurai | F79: 24 | G79: 40 | H79: =KDK[[#This Row],[Brick]]*KDK[[#This Row],[Line]] -> 960 | I79: =IF(MOD(KDK[[#This Row],[Total Brick]],100)>90,KDK[[#This Row],[Total Brick]] - MOD(KDK[[#This Row],[Total Brick]],100) + 100,IF(MOD(KDK[[#This Row],[Total Brick]],100)>40,KDK[[#This Row],[Total Brick]] - MOD(KDK[[#This Row],[Total Brick]],100)+50,KDK[[#This Row],[Total Brick]] - MOD(KDK[[#This Row],[Total Brick]],100))) -> 950 | J79: =_xlfn.IFNA(1.5,0) -> 1.5 | K79: =KDK[[#This Row],[Round Total Brick]]*KDK[[#This Row],[Amount of pre brick]] -> 1425
A80: =ROW()-1 -> 79 | B80: 45576 | C80: =TEXT(KDK[[#This Row],[Date]],"dddd") -> Friday | D80: =WEEKNUM(KDK[[#This Row],[Date]],2) -> 41 | E80: Ramesh | F80: 26 | G80: 41 | H80: =KDK[[#This Row],[Brick]]*KDK[[#This Row],[Line]] -> 1066 | I80: =IF(MOD(KDK[[#This Row],[Total Brick]],100)>90,KDK[[#This Row],[Total Brick]] - MOD(KDK[[#This Row],[Total Brick]],100) + 100,IF(MOD(KDK[[#This Row],[Total Brick]],100)>40,KDK[[#This Row],[Total Brick]] - MOD(KDK[[#This Row],[Total Brick]],100)+50,KDK[[#This Row],[Total Brick]] - MOD(KDK[[#This Row],[Total Brick]],100))) -> 1050 | J80: =_xlfn.IFNA(1.5,0) -> 1.5 | K80: =KDK[[#This Row],[Round Total Brick]]*KDK[[#This Row],[Amount of pre brick]] -> 1575
A81: =ROW()-1 -> 80 | B81: 45576 | C81: =TEXT(KDK[[#This Row],[Date]],"dddd") -> Friday | D81: =WEEKNUM(KDK[[#This Row],[Date]],2) -> 41 | E81: Ram Charan | F81: 32 | G81: 27 | H81: =KDK[[#This Row],[Brick]]*KDK[[#This Row],[Line]] -> 864 | I81: =IF(MOD(KDK[[#This Row],[Total Brick]],100)>90,KDK[[#This Row],[Total Brick]] - MOD(KDK[[#This Row],[Total Brick]],100) + 100,IF(MOD(KDK[[#This Row],[Total Brick]],100)>40,KDK[[#This Row],[Total Brick]] - MOD(KDK[[#This Row],[Total Brick]],100)+50,KDK[[#This Row],[Total Brick]] - MOD(KDK[[#This Row],[Total Brick]],100))) -> 850 | J81: =_xlfn.IFNA(1.5,0) -> 1.5 | K81: =KDK[[#This Row],[Round Total Brick]]*KDK[[#This Row],[Amount of pre brick]] -> 1275
A82: =ROW()-1 -> 81 | B82: 45577 | C82: =TEXT(KDK[[#This Row],[Date]],"dddd") -> Saturday | D82: =WEEKNUM(KDK[[#This Row],[Date]],2) -> 41 | E82: Aakash | F82: 44 | G82: 25 | H82: =KDK[[#This Row],[Brick]]*KDK[[#This Row],[Line]] -> 1100 | I82: =IF(MOD(KDK[[#This Row],[Total Brick]],100)>90,KDK[[#This Row],[Total Brick]] - MOD(KDK[[#This Row],[Total Brick]],100) + 100,IF(MOD(KDK[[#This Row],[Total Brick]],100)>40,KDK[[#This Row],[Total Brick]] - MOD(KDK[[#This Row],[Total Brick]],100)+50,KDK[[#This Row],[Total Brick]] - MOD(KDK[[#This Row],[Total Brick]],100))) -> 1100 | J82: =_xlfn.IFNA(1.5,0) -> 1.5 | K82: =KDK[[#This Row],[Round Total Brick]]*KDK[[#This Row],[Amount of pre brick]] -> 1650
A83: =ROW()-1 -> 82 | B83: 45577 | C83: =TEXT(KDK[[#This Row],[Date]],"dddd") -> Saturday | D83: =WEEKNUM(KDK[[#This Row],[Date]],2) -> 41 | E83: Mahesh | F83: =_xlfn.IFNA(0,0) -> 0 | G83: =_xlfn.IFNA(0,0) -> 0 | H83: =KDK[[#This Row],[Brick]]*KDK[[#This Row],[Line]] -> 0 | I83: =IF(MOD(KDK[[#This Row],[Total Brick]],100)>90,KDK[[#This Row],[Total Brick]] - MOD(KDK[[#This Row],[Total Brick]],100) + 100,IF(MOD(KDK[[#This Row],[Total Brick]],100)>40,KDK[[#This Row],[Total Brick]] - MOD(KDK[[#This Row],[Total Brick]],100)+50,KDK[[#This Row],[Total Brick]] - MOD(KDK[[#This Row],[Total Brick]],100))) -> 0 | J83: =_xlfn.IFNA(1.5,0) -> 1.5 | K83: =KDK[[#This Row],[Round Total Brick]]*KDK[[#This Row],[Amount of pre brick]] -> 0
A84: =ROW()-1 -> 83 | B84: 45577 | C84: =TEXT(KDK[[#This Row],[Date]],"dddd") -> Saturday | D84: =WEEKNUM(KDK[[#This Row],[Date]],2) -> 41 | E84: Ramseesh | F84: =_xlfn.IFNA(0,0) -> 0 | G84: =_xlfn.IFNA(0,0) -> 0 | H84: =KDK[[#This Row],[Brick]]*KDK[[#This Row],[Line]] -> 0 | I84: =IF(MOD(KDK[[#This Row],[Total Brick]],100)>90,KDK[[#This Row],[Total Brick]] - MOD(KDK[[#This Row],[Total Brick]],100) + 100,IF(MOD(KDK[[#This Row],[Total Brick]],100)>40,KDK[[#This Row],[Total Brick]] - MOD(KDK[[#This Row],[Total Brick]],100)+50,KDK[[#This Row],[Total Brick]] - MOD(KDK[[#This Row],[Total Brick]],100))) -> 0 | J84: =_xlfn.IFNA(1.5,0) -> 1.5 | K84: =KDK[[#This Row],[Round Total Brick]]*KDK[[#This Row],[Amount of pre brick]] -> 0
A85: =ROW()-1 -> 84 | B85: 45577 | C85: =TEXT(KDK[[#This Row],[Date]],"dddd") -> Saturday | D85: =WEEKNUM(KDK[[#This Row],[Date]],2) -> 41 | E85: Settu | F85: =_xlfn.IFNA(0,0) -> 0 | G85: =_xlfn.IFNA(0,0) -> 0 | H85: =KDK[[#This Row],[Brick]]*KDK[[#This Row],[Line]] -> 0 | I85: =IF(MOD(KDK[[#This Row],[Total Brick]],100)>90,KDK[[#This Row],[Total Brick]] - MOD(KDK[[#This Row],[Total Brick]],100) + 100,IF(MOD(KDK[[#This Row],[Total Brick]],100)>40,KDK[[#This Row],[Total Brick]] - MOD(KDK[[#This Row],[Total Brick]],100)+50,KDK[[#This Row],[Total Brick]] - MOD(KDK[[#This Row],[Total Brick]],100))) -> 0 | J85: =_xlfn.IFNA(1.5,0) -> 1.5 | K85: =KDK[[#This Row],[Round Total Brick]]*KDK[[#This Row],[Amount of pre brick]] -> 0
A86: =ROW()-1 -> 85 | B86: 45577 | C86: =TEXT(KDK[[#This Row],[Date]],"dddd") -> Saturday | D86: =WEEKNUM(KDK[[#This Row],[Date]],2) -> 41 | E86: Dhurai | F86: =_xlfn.IFNA(0,0) -> 0 | G86: =_xlfn.IFNA(0,0) -> 0 | H86: =KDK[[#This Row],[Brick]]*KDK[[#This Row],[Line]] -> 0 | I86: =IF(MOD(KDK[[#This Row],[Total Brick]],100)>90,KDK[[#This Row],[Total Brick]] - MOD(KDK[[#This Row],[Total Brick]],100) + 100,IF(MOD(KDK[[#This Row],[Total Brick]],100)>40,KDK[[#This Row],[Total Brick]] - MOD(KDK[[#This Row],[Total Brick]],100)+50,KDK[[#This Row],[Total Brick]] - MOD(KDK[[#This Row],[Total Brick]],100))) -> 0 | J86: =_xlfn.IFNA(1.5,0) -> 1.5 | K86: =KDK[[#This Row],[Round Total Brick]]*KDK[[#This Row],[Amount of pre brick]] -> 0
A87: =ROW()-1 -> 86 | B87: 45577 | C87: =TEXT(KDK[[#This Row],[Date]],"dddd") -> Saturday | D87: =WEEKNUM(KDK[[#This Row],[Date]],2) -> 41 | E87: Ramesh | F87: 27 | G87: 35 | H87: =KDK[[#This Row],[Brick]]*KDK[[#This Row],[Line]] -> 945 | I87: =IF(MOD(KDK[[#This Row],[Total Brick]],100)>90,KDK[[#This Row],[Total Brick]] - MOD(KDK[[#This Row],[Total Brick]],100) + 100,IF(MOD(KDK[[#This Row],[Total Brick]],100)>40,KDK[[#This Row],[Total Brick]] - MOD(KDK[[#This Row],[Total Brick]],100)+50,KDK[[#This Row],[Total Brick]] - MOD(KDK[[#This Row],[Total Brick]],100))) -> 950 | J87: =_xlfn.IFNA(1.5,0) -> 1.5 | K87: =KDK[[#This Row],[Round Total Brick]]*KDK[[#This Row],[Amount of pre brick]] -> 1425
A88: =ROW()-1 -> 87 | B88: 45577 | C88: =TEXT(KDK[[#This Row],[Date]],"dddd") -> Saturday | D88: =WEEKNUM(KDK[[#This Row],[Date]],2) -> 41 | E88: Ram Charan | F88: =_xlfn.IFNA(0,0) -> 0 | G88: =_xlfn.IFNA(0,0) -> 0 | H88: =KDK[[#This Row],[Brick]]*KDK[[#This Row],[Line]] -> 0 | I88: =IF(MOD(KDK[[#This Row],[Total Brick]],100)>90,KDK[[#This Row],[Total Brick]] - MOD(KDK[[#This Row],[Total Brick]],100) + 100,IF(MOD(KDK[[#This Row],[Total Brick]],100)>40,KDK[[#This Row],[Total Brick]] - MOD(KDK[[#This Row],[Total Brick]],100)+50,KDK[[#This Row],[Total Brick]] - MOD(KDK[[#This Row],[Total Brick]],100))) -> 0 | J88: =_xlfn.IFNA(1.5,0) -> 1.5 | K88: =KDK[[#This Row],[Round Total Brick]]*KDK[[#This Row],[Amount of pre brick]] -> 0
A89: =ROW()-1 -> 88 | B89: 45578 | C89: =TEXT(KDK[[#This Row],[Date]],"dddd") -> Sunday | D89: =WEEKNUM(KDK[[#This Row],[Date]],2) -> 41 | E89: Aakash | F89: =_xlfn.IFNA(0,0) -> 0 | G89: =_xlfn.IFNA(0,0) -> 0 | H89: =KDK[[#This Row],[Brick]]*KDK[[#This Row],[Line]] -> 0 | I89: =IF(MOD(KDK[[#This Row],[Total Brick]],100)>90,KDK[[#This Row],[Total Brick]] - MOD(KDK[[#This Row],[Total Brick]],100) + 100,IF(MOD(KDK[[#This Row],[Total Brick]],100)>40,KDK[[#This Row],[Total Brick]] - MOD(KDK[[#This Row],[Total Brick]],100)+50,KDK[[#This Row],[Total Brick]] - MOD(KDK[[#This Row],[Total Brick]],100))) -> 0 | J89: =_xlfn.IFNA(1.5,0) -> 1.5 | K89: =KDK[[#This Row],[Round Total Brick]]*KDK[[#This Row],[Amount of pre brick]] -> 0
A90: =ROW()-1 -> 89 | B90: 45578 | C90: =TEXT(KDK[[#This Row],[Date]],"dddd") -> Sunday | D90: =WEEKNUM(KDK[[#This Row],[Date]],2) -> 41 | E90: Mahesh | F90: =_xlfn.IFNA(0,0) -> 0 | G90: =_xlfn.IFNA(0,0) -> 0 | H90: =KDK[[#This Row],[Brick]]*KDK[[#This Row],[Line]] -> 0 | I90: =IF(MOD(KDK[[#This Row],[Total Brick]],100)>90,KDK[[#This Row],[Total Brick]] - MOD(KDK[[#This Row],[Total Brick]],100) + 100,IF(MOD(KDK[[#This Row],[Total Brick]],100)>40,KDK[[#This Row],[Total Brick]] - MOD(KDK[[#This Row],[Total Brick]],100)+50,KDK[[#This Row],[Total Brick]] - MOD(KDK[[#This Row],[Total Brick]],100))) -> 0 | J90: =_xlfn.IFNA(1.5,0) -> 1.5 | K90: =KDK[[#This Row],[Round Total Brick]]*KDK[[#This Row],[Amount of pre brick]] -> 0
A91: =ROW()-1 -> 90 | B91: 45578 | C91: =TEXT(KDK[[#This Row],[Date]],"dddd") -> Sunday | D91: =WEEKNUM(KDK[[#This Row],[Date]],2) -> 41 | E91: Ramseesh | F91: =_xlfn.IFNA(0,0) -> 0 | G91: =_xlfn.IFNA(0,0) -> 0 | H91: =KDK[[#This Row],[Brick]]*KDK[[#This Row],[Line]] -> 0 | I91: =IF(MOD(KDK[[#This Row],[Total Brick]],100)>90,KDK[[#This Row],[Total Brick]] - MOD(KDK[[#This Row],[Total Brick]],100) + 100,IF(MOD(KDK[[#This Row],[Total Brick]],100)>40,KDK[[#This Row],[Total Brick]] - MOD(KDK[[#This Row],[Total Brick]],100)+50,KDK[[#This Row],[Total Brick]] - MOD(KDK[[#This Row],[Total Brick]],100))) -> 0 | J91: =_xlfn.IFNA(1.5,0) -> 1.5 | K91: =KDK[[#This Row],[Round Total Brick]]*KDK[[#This Row],[Amount of pre brick]] -> 0
A92: =ROW()-1 -> 91 | B92: 45578 | C92: =TEXT(KDK[[#This Row],[Date]],"dddd") -> Sunday | D92: =WEEKNUM(KDK[[#This Row],[Date]],2) -> 41 | E92: Settu | F92: =_xlfn.IFNA(0,0) -> 0 | G92: =_xlfn.IFNA(0,0) -> 0 | H92: =KDK[[#This Row],[Brick]]*KDK[[#This Row],[Line]] -> 0 | I92: =IF(MOD(KDK[[#This Row],[Total Brick]],100)>90,KDK[[#This Row],[Total Brick]] - MOD(KDK[[#This Row],[Total Brick]],100) + 100,IF(MOD(KDK[[#This Row],[Total Brick]],100)>40,KDK[[#This Row],[Total Brick]] - MOD(KDK[[#This Row],[Total Brick]],100)+50,KDK[[#This Row],[Total Brick]] - MOD(KDK[[#This Row],[Total Brick]],100))) -> 0 | J92: =_xlfn.IFNA(1.5,0) -> 1.5 | K92: =KDK[[#This Row],[Round Total Brick]]*KDK[[#This Row],[Amount of pre brick]] -> 0
A93: =ROW()-1 -> 92 | B93: 45578 | C93: =TEXT(KDK[[#This Row],[Date]],"dddd") -> Sunday | D93: =WEEKNUM(KDK[[#This Row],[Date]],2) -> 41 | E93: Dhurai | F93: =_xlfn.IFNA(0,0) -> 0 | G93: =_xlfn.IFNA(0,0) -> 0 | H93: =KDK[[#This Row],[Brick]]*KDK[[#This Row],[Line]] -> 0 | I93: =IF(MOD(KDK[[#This Row],[Total Brick]],100)>90,KDK[[#This Row],[Total Brick]] - MOD(KDK[[#This Row],[Total Brick]],100) + 100,IF(MOD(KDK[[#This Row],[Total Brick]],100)>40,KDK[[#This Row],[Total Brick]] - MOD(KDK[[#This Row],[Total Brick]],100)+50,KDK[[#This Row],[Total Brick]] - MOD(KDK[[#This Row],[Total Brick]],100))) -> 0 | J93: =_xlfn.IFNA(1.5,0) -> 1.5 | K93: =KDK[[#This Row],[Round Total Brick]]*KDK[[#This Row],[Amount of pre brick]] -> 0
A94: =ROW()-1 -> 93 | B94: 45578 | C94: =TEXT(KDK[[#This Row],[Date]],"dddd") -> Sunday | D94: =WEEKNUM(KDK[[#This Row],[Date]],2) -> 41 | E94: Ramesh | F94: =_xlfn.IFNA(0,0) -> 0 | G94: =_xlfn.IFNA(0,0) -> 0 | H94: =KDK[[#This Row],[Brick]]*KDK[[#This Row],[Line]] -> 0 | I94: =IF(MOD(KDK[[#This Row],[Total Brick]],100)>90,KDK[[#This Row],[Total Brick]] - MOD(KDK[[#This Row],[Total Brick]],100) + 100,IF(MOD(KDK[[#This Row],[Total Brick]],100)>40,KDK[[#This Row],[Total Brick]] - MOD(KDK[[#This Row],[Total Brick]],100)+50,KDK[[#This Row],[Total Brick]] - MOD(KDK[[#This Row],[Total Brick]],100))) -> 0 | J94: =_xlfn.IFNA(1.5,0) -> 1.5 | K94: =KDK[[#This Row],[Round Total Brick]]*KDK[[#This Row],[Amount of pre brick]] -> 0
A95: =ROW()-1 -> 94 | B95: 45578 | C95: =TEXT(KDK[[#This Row],[Date]],"dddd") -> Sunday | D95: =WEEKNUM(KDK[[#This Row],[Date]],2) -> 41 | E95: Ram Charan | F95: =_xlfn.IFNA(0,0) -> 0 | G95: =_xlfn.IFNA(0,0) -> 0 | H95: =KDK[[#This Row],[Brick]]*KDK[[#This Row],[Line]] -> 0 | I95: =IF(MOD(KDK[[#This Row],[Total Brick]],100)>90,KDK[[#This Row],[Total Brick]] - MOD(KDK[[#This Row],[Total Brick]],100) + 100,IF(MOD(KDK[[#This Row],[Total Brick]],100)>40,KDK[[#This Row],[Total Brick]] - MOD(KDK[[#This Row],[Total Brick]],100)+50,KDK[[#This Row],[Total Brick]] - MOD(KDK[[#This Row],[Total Brick]],100))) -> 0 | J95: =_xlfn.IFNA(1.5,0) -> 1.5 | K95: =KDK[[#This Row],[Round Total Brick]]*KDK[[#This Row],[Amount of pre brick]] -> 0
A96: =ROW()-1 -> 95 | B96: 45578 | C96: =TEXT(KDK[[#This Row],[Date]],"dddd") -> Sunday | D96: =WEEKNUM(KDK[[#This Row],[Date]],2) -> 41 | E96: Aakash | F96: =_xlfn.IFNA(0,0) -> 0 | G96: =_xlfn.IFNA(0,0) -> 0 | H96: =KDK[[#This Row],[Brick]]*KDK[[#This Row],[Line]] -> 0 | I96: =IF(MOD(KDK[[#This Row],[Total Brick]],100)>90,KDK[[#This Row],[Total Brick]] - MOD(KDK[[#This Row],[Total Brick]],100) + 100,IF(MOD(KDK[[#This Row],[Total Brick]],100)>40,KDK[[#This Row],[Total Brick]] - MOD(KDK[[#This Row],[Total Brick]],100)+50,KDK[[#This Row],[Total Brick]] - MOD(KDK[[#This Row],[Total Brick]],100))) -> 0 | J96: =_xlfn.IFNA(1.5,0) -> 1.5 | K96: =KDK[[#This Row],[Round Total Brick]]*KDK[[#This Row],[Amount of pre brick]] -> 0
A97: =ROW()-1 -> 96 | B97: 45578 | C97: =TEXT(KDK[[#This Row],[Date]],"dddd") -> Sunday | D97: =WEEKNUM(KDK[[#This Row],[Date]],2) -> 41 | E97: Mahesh | F97: =_xlfn.IFNA(0,0) -> 0 | G97: =_xlfn.IFNA(0,0) -> 0 | H97: =KDK[[#This Row],[Brick]]*KDK[[#This Row],[Line]] -> 0 | I97: =IF(MOD(KDK[[#This Row],[Total Brick]],100)>90,KDK[[#This Row],[Total Brick]] - MOD(KDK[[#This Row],[Total Brick]],100) + 100,IF(MOD(KDK[[#This Row],[Total Brick]],100)>40,KDK[[#This Row],[Total Brick]] - MOD(KDK[[#This Row],[Total Brick]],100)+50,KDK[[#This Row],[Total Brick]] - MOD(KDK[[#This Row],[Total Brick]],100))) -> 0 | J97: =_xlfn.IFNA(1.5,0) -> 1.5 | K97: =KDK[[#This Row],[Round Total Brick]]*KDK[[#This Row],[Amount of pre brick]] -> 0
A98: =ROW()-1 -> 97 | B98: 45578 | C98: =TEXT(KDK[[#This Row],[Date]],"dddd") -> Sunday | D98: =WEEKNUM(KDK[[#This Row],[Date]],2) -> 41 | E98: Ramseesh | F98: =_xlfn.IFNA(0,0) -> 0 | G98: =_xlfn.IFNA(0,0) -> 0 | H98: =KDK[[#This Row],[Brick]]*KDK[[#This Row],[Line]] -> 0 | I98: =IF(MOD(KDK[[#This Row],[Total Brick]],100)>90,KDK[[#This Row],[Total Brick]] - MOD(KDK[[#This Row],[Total Brick]],100) + 100,IF(MOD(KDK[[#This Row],[Total Brick]],100)>40,KDK[[#This Row],[Total Brick]] - MOD(KDK[[#This Row],[Total Brick]],100)+50,KDK[[#This Row],[Total Brick]] - MOD(KDK[[#This Row],[Total Brick]],100))) -> 0 | J98: =_xlfn.IFNA(1.5,0) -> 1.5 | K98: =KDK[[#This Row],[Round Total Brick]]*KDK[[#This Row],[Amount of pre brick]] -> 0
A99: =ROW()-1 -> 98 | B99: 45578 | C99: =TEXT(KDK[[#This Row],[Date]],"dddd") -> Sunday | D99: =WEEKNUM(KDK[[#This Row],[Date]],2) -> 41 | E99: Settu | F99: =_xlfn.IFNA(0,0) -> 0 | G99: =_xlfn.IFNA(0,0) -> 0 | H99: =KDK[[#This Row],[Brick]]*KDK[[#This Row],[Line]] -> 0 | I99: =IF(MOD(KDK[[#This Row],[Total Brick]],100)>90,KDK[[#This Row],[Total Brick]] - MOD(KDK[[#This Row],[Total Brick]],100) + 100,IF(MOD(KDK[[#This Row],[Total Brick]],100)>40,KDK[[#This Row],[Total Brick]] - MOD(KDK[[#This Row],[Total Brick]],100)+50,KDK[[#This Row],[Total Brick]] - MOD(KDK[[#This Row],[Total Brick]],100))) -> 0 | J99: =_xlfn.IFNA(1.5,0) -> 1.5 | K99: =KDK[[#This Row],[Round Total Brick]]*KDK[[#This Row],[Amount of pre brick]] -> 0
... A126: =ROW()-1 -> 125 | B126: 45582 | C126: =TEXT(KDK[[#This Row],[Date]],"dddd") -> Thursday | D126: =WEEKNUM(KDK[[#This Row],[Date]],2) -> 42 | E126: Ramseesh | F126: =_xlfn.IFNA(0,0) -> 0 | G126: =_xlfn.IFNA(0,0) -> 0 | H126: =KDK[[#This Row],[Brick]]*KDK[[#This Row],[Line]] -> 0 | I126: =IF(MOD(KDK[[#This Row],[Total Brick]],100)>90,KDK[[#This Row],[Total Brick]] - MOD(KDK[[#This Row],[Total Brick]],100) + 100,IF(MOD(KDK[[#This Row],[Total Brick]],100)>40,KDK[[#This Row],[Total Brick]] - MOD(KDK[[#This Row],[Total Brick]],100)+50,KDK[[#This Row],[Total Brick]] - MOD(KDK[[#This Row],[Total Brick]],100))) -> 0 | J126: =_xlfn.IFNA(1.5,0) -> 1.5 | K126: =KDK[[#This Row],[Round Total Brick]]*KDK[[#This Row],[Amount of pre brick]] -> 0
A127: =ROW()-1 -> 126 | B127: 45582 | C127: =TEXT(KDK[[#This Row],[Date]],"dddd") -> Thursday | D127: =WEEKNUM(KDK[[#This Row],[Date]],2) -> 42 | E127: Settu | F127: 32 | G127: 19 | H127: =KDK[[#This Row],[Brick]]*KDK[[#This Row],[Line]] -> 608 | I127: =IF(MOD(KDK[[#This Row],[Total Brick]],100)>90,KDK[[#This Row],[Total Brick]] - MOD(KDK[[#This Row],[Total Brick]],100) + 100,IF(MOD(KDK[[#This Row],[Total Brick]],100)>40,KDK[[#This Row],[Total Brick]] - MOD(KDK[[#This Row],[Total Brick]],100)+50,KDK[[#This Row],[Total Brick]] - MOD(KDK[[#This Row],[Total Brick]],100))) -> 600 | J127: =_xlfn.IFNA(1.5,0) -> 1.5 | K127: =KDK[[#This Row],[Round Total Brick]]*KDK[[#This Row],[Amount of pre brick]] -> 900
A128: =ROW()-1 -> 127 | B128: 45582 | C128: =TEXT(KDK[[#This Row],[Date]],"dddd") -> Thursday | D128: =WEEKNUM(KDK[[#This Row],[Date]],2) -> 42 | E128: Dhurai | F128: =_xlfn.IFNA(0,0) -> 0 | G128: =_xlfn.IFNA(0,0) -> 0 | H128: =KDK[[#This Row],[Brick]]*KDK[[#This Row],[Line]] -> 0 | I128: =IF(MOD(KDK[[#This Row],[Total Brick]],100)>90,KDK[[#This Row],[Total Brick]] - MOD(KDK[[#This Row],[Total Brick]],100) + 100,IF(MOD(KDK[[#This Row],[Total Brick]],100)>40,KDK[[#This Row],[Total Brick]] - MOD(KDK[[#This Row],[Total Brick]],100)+50,KDK[[#This Row],[Total Brick]] - MOD(KDK[[#This Row],[Total Brick]],100))) -> 0 | J128: =_xlfn.IFNA(1.5,0) -> 1.5 | K128: =KDK[[#This Row],[Round Total Brick]]*KDK[[#This Row],[Amount of pre brick]] -> 0
A129: =ROW()-1 -> 128 | B129: 45582 | C129: =TEXT(KDK[[#This Row],[Date]],"dddd") -> Thursday | D129: =WEEKNUM(KDK[[#This Row],[Date]],2) -> 42 | E129: Ramesh | F129: =_xlfn.IFNA(0,0) -> 0 | G129: =_xlfn.IFNA(0,0) -> 0 | H129: =KDK[[#This Row],[Brick]]*KDK[[#This Row],[Line]] -> 0 | I129: =IF(MOD(KDK[[#This Row],[Total Brick]],100)>90,KDK[[#This Row],[Total Brick]] - MOD(KDK[[#This Row],[Total Brick]],100) + 100,IF(MOD(KDK[[#This Row],[Total Brick]],100)>40,KDK[[#This Row],[Total Brick]] - MOD(KDK[[#This Row],[Total Brick]],100)+50,KDK[[#This Row],[Total Brick]] - MOD(KDK[[#This Row],[Total Brick]],100))) -> 0 | J129: =_xlfn.IFNA(1.5,0) -> 1.5 | K129: =KDK[[#This Row],[Round Total Brick]]*KDK[[#This Row],[Amount of pre brick]] -> 0
A130: =ROW()-1 -> 129 | B130: 45582 | C130: =TEXT(KDK[[#This Row],[Date]],"dddd") -> Thursday | D130: =WEEKNUM(KDK[[#This Row],[Date]],2) -> 42 | E130: Ram Charan | F130: =_xlfn.IFNA(0,0) -> 0 | G130: =_xlfn.IFNA(0,0) -> 0 | H130: =KDK[[#This Row],[Brick]]*KDK[[#This Row],[Line]] -> 0 | I130: =IF(MOD(KDK[[#This Row],[Total Brick]],100)>90,KDK[[#This Row],[Total Brick]] - MOD(KDK[[#This Row],[Total Brick]],100) + 100,IF(MOD(KDK[[#This Row],[Total Brick]],100)>40,KDK[[#This Row],[Total Brick]] - MOD(KDK[[#This Row],[Total Brick]],100)+50,KDK[[#This Row],[Total Brick]] - MOD(KDK[[#This Row],[Total Brick]],100))) -> 0 | J130: =_xlfn.IFNA(1.5,0) -> 1.5 | K130: =KDK[[#This Row],[Round Total Brick]]*KDK[[#This Row],[Amount of pre brick]] -> 0
A131: =ROW()-1 -> 130 | B131: 45583 | C131: =TEXT(KDK[[#This Row],[Date]],"dddd") -> Friday | D131: =WEEKNUM(KDK[[#This Row],[Date]],2) -> 42 | E131: Aakash | F131: =_xlfn.IFNA(0,0) -> 0 | G131: =_xlfn.IFNA(0,0) -> 0 | H131: =KDK[[#This Row],[Brick]]*KDK[[#This Row],[Line]] -> 0 | I131: =IF(MOD(KDK[[#This Row],[Total Brick]],100)>90,KDK[[#This Row],[Total Brick]] - MOD(KDK[[#This Row],[Total Brick]],100) + 100,IF(MOD(KDK[[#This Row],[Total Brick]],100)>40,KDK[[#This Row],[Total Brick]] - MOD(KDK[[#This Row],[Total Brick]],100)+50,KDK[[#This Row],[Total Brick]] - MOD(KDK[[#This Row],[Total Brick]],100))) -> 0 | J131: =_xlfn.IFNA(1.5,0) -> 1.5 | K131: =KDK[[#This Row],[Round Total Brick]]*KDK[[#This Row],[Amount of pre brick]] -> 0
A132: =ROW()-1 -> 131 | B132: 45583 | C132: =TEXT(KDK[[#This Row],[Date]],"dddd") -> Friday | D132: =WEEKNUM(KDK[[#This Row],[Date]],2) -> 42 | E132: Mahesh | F132: =_xlfn.IFNA(0,0) -> 0 | G132: =_xlfn.IFNA(0,0) -> 0 | H132: =KDK[[#This Row],[Brick]]*KDK[[#This Row],[Line]] -> 0 | I132: =IF(MOD(KDK[[#This Row],[Total Brick]],100)>90,KDK[[#This Row],[Total Brick]] - MOD(KDK[[#This Row],[Total Brick]],100) + 100,IF(MOD(KDK[[#This Row],[Total Brick]],100)>40,KDK[[#This Row],[Total Brick]] - MOD(KDK[[#This Row],[Total Brick]],100)+50,KDK[[#This Row],[Total Brick]] - MOD(KDK[[#This Row],[Total Brick]],100))) -> 0 | J132: =_xlfn.IFNA(1.5,0) -> 1.5 | K132: =KDK[[#This Row],[Round Total Brick]]*KDK[[#This Row],[Amount of pre brick]] -> 0
A133: =ROW()-1 -> 132 | B133: 45583 | C133: =TEXT(KDK[[#This Row],[Date]],"dddd") -> Friday | D133: =WEEKNUM(KDK[[#This Row],[Date]],2) -> 42 | E133: Ramseesh | F133: =_xlfn.IFNA(0,0) -> 0 | G133: =_xlfn.IFNA(0,0) -> 0 | H133: =KDK[[#This Row],[Brick]]*KDK[[#This Row],[Line]] -> 0 | I133: =IF(MOD(KDK[[#This Row],[Total Brick]],100)>90,KDK[[#This Row],[Total Brick]] - MOD(KDK[[#This Row],[Total Brick]],100) + 100,IF(MOD(KDK[[#This Row],[Total Brick]],100)>40,KDK[[#This Row],[Total Brick]] - MOD(KDK[[#This Row],[Total Brick]],100)+50,KDK[[#This Row],[Total Brick]] - MOD(KDK[[#This Row],[Total Brick]],100))) -> 0 | J133: =_xlfn.IFNA(1.5,0) -> 1.5 | K133: =KDK[[#This Row],[Round Total Brick]]*KDK[[#This Row],[Amount of pre brick]] -> 0
A134: =ROW()-1 -> 133 | B134: 45583 | C134: =TEXT(KDK[[#This Row],[Date]],"dddd") -> Friday | D134: =WEEKNUM(KDK[[#This Row],[Date]],2) -> 42 | E134: Settu | F134: =_xlfn.IFNA(0,0) -> 0 | G134: =_xlfn.IFNA(0,0) -> 0 | H134: =KDK[[#This Row],[Brick]]*KDK[[#This Row],[Line]] -> 0 | I134: =IF(MOD(KDK[[#This Row],[Total Brick]],100)>90,KDK[[#This Row],[Total Brick]] - MOD(KDK[[#This Row],[Total Brick]],100) + 100,IF(MOD(KDK[[#This Row],[Total Brick]],100)>40,KDK[[#This Row],[Total Brick]] - MOD(KDK[[#This Row],[Total Brick]],100)+50,KDK[[#This Row],[Total Brick]] - MOD(KDK[[#This Row],[Total Brick]],100))) -> 0 | J134: =_xlfn.IFNA(1.5,0) -> 1.5 | K134: =KDK[[#This Row],[Round Total Brick]]*KDK[[#This Row],[Amount of pre brick]] -> 0
A135: =ROW()-1 -> 134 | B135: 45583 | C135: =TEXT(KDK[[#This Row],[Date]],"dddd") -> Friday | D135: =WEEKNUM(KDK[[#This Row],[Date]],2) -> 42 | E135: Dhurai | F135: =_xlfn.IFNA(0,0) -> 0 | G135: =_xlfn.IFNA(0,0) -> 0 | H135: =KDK[[#This Row],[Brick]]*KDK[[#This Row],[Line]] -> 0 | I135: =IF(MOD(KDK[[#This Row],[Total Brick]],100)>90,KDK[[#This Row],[Total Brick]] - MOD(KDK[[#This Row],[Total Brick]],100) + 100,IF(MOD(KDK[[#This Row],[Total Brick]],100)>40,KDK[[#This Row],[Total Brick]] - MOD(KDK[[#This Row],[Total Brick]],100)+50,KDK[[#This Row],[Total Brick]] - MOD(KDK[[#This Row],[Total Brick]],100))) -> 0 | J135: =_xlfn.IFNA(1.5,0) -> 1.5 | K135: =KDK[[#This Row],[Round Total Brick]]*KDK[[#This Row],[Amount of pre brick]] -> 0
A136: =ROW()-1 -> 135 | B136: 45583 | C136: =TEXT(KDK[[#This Row],[Date]],"dddd") -> Friday | D136: =WEEKNUM(KDK[[#This Row],[Date]],2) -> 42 | E136: Ramesh | F136: =_xlfn.IFNA(0,0) -> 0 | G136: =_xlfn.IFNA(0,0) -> 0 | H136: =KDK[[#This Row],[Brick]]*KDK[[#This Row],[Line]] -> 0 | I136: =IF(MOD(KDK[[#This Row],[Total Brick]],100)>90,KDK[[#This Row],[Total Brick]] - MOD(KDK[[#This Row],[Total Brick]],100) + 100,IF(MOD(KDK[[#This Row],[Total Brick]],100)>40,KDK[[#This Row],[Total Brick]] - MOD(KDK[[#This Row],[Total Brick]],100)+50,KDK[[#This Row],[Total Brick]] - MOD(KDK[[#This Row],[Total Brick]],100))) -> 0 | J136: =_xlfn.IFNA(1.5,0) -> 1.5 | K136: =KDK[[#This Row],[Round Total Brick]]*KDK[[#This Row],[Amount of pre brick]] -> 0
A137: =ROW()-1 -> 136 | B137: 45583 | C137: =TEXT(KDK[[#This Row],[Date]],"dddd") -> Friday | D137: =WEEKNUM(KDK[[#This Row],[Date]],2) -> 42 | E137: Ram Charan | F137: =_xlfn.IFNA(0,0) -> 0 | G137: =_xlfn.IFNA(0,0) -> 0 | H137: =KDK[[#This Row],[Brick]]*KDK[[#This Row],[Line]] -> 0 | I137: =IF(MOD(KDK[[#This Row],[Total Brick]],100)>90,KDK[[#This Row],[Total Brick]] - MOD(KDK[[#This Row],[Total Brick]],100) + 100,IF(MOD(KDK[[#This Row],[Total Brick]],100)>40,KDK[[#This Row],[Total Brick]] - MOD(KDK[[#This Row],[Total Brick]],100)+50,KDK[[#This Row],[Total Brick]] - MOD(KDK[[#This Row],[Total Brick]],100))) -> 0 | J137: =_xlfn.IFNA(1.5,0) -> 1.5 | K137: =KDK[[#This Row],[Round Total Brick]]*KDK[[#This Row],[Amount of pre brick]] -> 0
A138: =ROW()-1 -> 137 | B138: 45584 | C138: =TEXT(KDK[[#This Row],[Date]],"dddd") -> Saturday | D138: =WEEKNUM(KDK[[#This Row],[Date]],2) -> 42 | E138: Aakash | F138: =_xlfn.IFNA(0,0) -> 0 | G138: =_xlfn.IFNA(0,0) -> 0 | H138: =KDK[[#This Row],[Brick]]*KDK[[#This Row],[Line]] -> 0 | I138: =IF(MOD(KDK[[#This Row],[Total Brick]],100)>90,KDK[[#This Row],[Total Brick]] - MOD(KDK[[#This Row],[Total Brick]],100) + 100,IF(MOD(KDK[[#This Row],[Total Brick]],100)>40,KDK[[#This Row],[Total Brick]] - MOD(KDK[[#This Row],[Total Brick]],100)+50,KDK[[#This Row],[Total Brick]] - MOD(KDK[[#This Row],[Total Brick]],100))) -> 0 | J138: =_xlfn.IFNA(1.5,0) -> 1.5 | K138: =KDK[[#This Row],[Round Total Brick]]*KDK[[#This Row],[Amount of pre brick]] -> 0
A139: =ROW()-1 -> 138 | B139: 45584 | C139: =TEXT(KDK[[#This Row],[Date]],"dddd") -> Saturday | D139: =WEEKNUM(KDK[[#This Row],[Date]],2) -> 42 | E139: Mahesh | F139: =_xlfn.IFNA(0,0) -> 0 | G139: =_xlfn.IFNA(0,0) -> 0 | H139: =KDK[[#This Row],[Brick]]*KDK[[#This Row],[Line]] -> 0 | I139: =IF(MOD(KDK[[#This Row],[Total Brick]],100)>90,KDK[[#This Row],[Total Brick]] - MOD(KDK[[#This Row],[Total Brick]],100) + 100,IF(MOD(KDK[[#This Row],[Total Brick]],100)>40,KDK[[#This Row],[Total Brick]] - MOD(KDK[[#This Row],[Total Brick]],100)+50,KDK[[#This Row],[Total Brick]] - MOD(KDK[[#This Row],[Total Brick]],100))) -> 0 | J139: =_xlfn.IFNA(1.5,0) -> 1.5 | K139: =KDK[[#This Row],[Round Total Brick]]*KDK[[#This Row],[Amount of pre brick]] -> 0
...

Sheet Week Clu
B2: Week | C2: 40
B4: Name | C4: Working days | D4: Total Bricks | E4: Amount
B5: Ramesh | C5: =COUNTIFS(KDK[Name],'Week Clu'!B5,KDK[Line],">0",KDK[No Of Week],$C$2) -> 0 | D5: =SUMIFS(KDK[Round Total Brick],KDK[Name],B5,KDK[No Of Week],$C$2) -> 0 | E5: =SUMIFS(KDK[Total Amount],KDK[Name],Table2[[#This Row],[Name ]],KDK[No Of Week],$C$2) -> 0
B6: Ram | C6: =COUNTIFS(KDK[Name],'Week Clu'!B6,KDK[Line],">0",KDK[No Of Week],$C$2) -> 0 | D6: =SUMIFS(KDK[Round Total Brick],KDK[Name],B6,KDK[No Of Week],$C$2) -> 0 | E6: =SUMIFS(KDK[Total Amount],KDK[Name],Table2[[#This Row],[Name ]],KDK[No Of Week],$C$2) -> 0
B7: Ramseesh | C7: =COUNTIFS(KDK[Name],'Week Clu'!B7,KDK[Line],">0",KDK[No Of Week],$C$2) -> 2 | D7: =SUMIFS(KDK[Round Total Brick],KDK[Name],B7,KDK[No Of Week],$C$2) -> 2100 | E7: =SUMIFS(KDK[Total Amount],KDK[Name],Table2[[#This Row],[Name ]],KDK[No Of Week],$C$2) -> 3150
B8: Settu | C8: =COUNTIFS(KDK[Name],'Week Clu'!B8,KDK[Line],">0",KDK[No Of Week],$C$2) -> 3 | D8: =SUMIFS(KDK[Round Total Brick],KDK[Name],B8,KDK[No Of Week],$C$2) -> 2850 | E8: =SUMIFS(KDK[Total Amount],KDK[Name],Table2[[#This Row],[Name ]],KDK[No Of Week],$C$2) -> 4275
B9: Dhurai | C9: =COUNTIFS(KDK[Name],'Week Clu'!B9,KDK[Line],">0",KDK[No Of Week],$C$2) -> 1 | D9: =SUMIFS(KDK[Round Total Brick],KDK[Name],B9,KDK[No Of Week],$C$2) -> 1250 | E9: =SUMIFS(KDK[Total Amount],KDK[Name],Table2[[#This Row],[Name ]],KDK[No Of Week],$C$2) -> 1875
B10: Aakash | C10: =COUNTIFS(KDK[Name],'Week Clu'!B10,KDK[Line],">0",KDK[No Of Week],$C$2) -> 3 | D10: =SUMIFS(KDK[Round Total Brick],KDK[Name],B10,KDK[No Of Week],$C$2) -> 3250 | E10: =SUMIFS(KDK[Total Amount],KDK[Name],Table2[[#This Row],[Name ]],KDK[No Of Week],$C$2) -> 4875
B11: Mahesh | C11: =COUNTIFS(KDK[Name],'Week Clu'!B11,KDK[Line],">0",KDK[No Of Week],$C$2) -> 0 | D11: =SUMIFS(KDK[Round Total Brick],KDK[Name],B11,KDK[No Of Week],$C$2) -> 0 | E11: =SUMIFS(KDK[Total Amount],KDK[Name],Table2[[#This Row],[Name ]],KDK[No Of Week],$C$2) -> 0
B12: Total | D12: =SUBTOTAL(109,Table2[Total Bricks]) -> 9450 | E12: =SUBTOTAL(109,Table2[Amount]) -> 14175

Sheet Amount
A1: Name | B1: Date | C1: No.Week | D1: Bricks | E1: Amount | F1: Pay | G1: Extra | H1: Balance
A2: Ramseesh | B2: =TODAY() -> 45793 | C2: 40 | D2: =SUMIFS(KDK[Round Total Brick],KDK[Name],Amount!A2,KDK[No Of Week],Table4[[#This Row],[No.Week]]) -> 2100 | E2: =SUMIFS(KDK[Total Amount],KDK[Name],A2,KDK[No Of Week],Table4[[#This Row],[No.Week]]) -> 3150 | F2: =_xlfn.IFNA(0,"") -> 0 | G2: =_xlfn.IFNA(0,"") -> 0 | H2: =_xlfn.IFNA(0,"") -> 0
A3: Ramesh | B3: =TODAY() -> 45793 | C3: 40 | D3: =SUMIFS(KDK[Round Total Brick],KDK[Name],Amount!A3,KDK[No Of Week],Table4[[#This Row],[No.Week]]) -> 0 | E3: =SUMIFS(KDK[Total Amount],KDK[Name],A3,KDK[No Of Week],Table4[[#This Row],[No.Week]]) -> 0 | F3: =_xlfn.IFNA(0,"") -> 0 | G3: =_xlfn.IFNA(0,"") -> 0 | H3: =_xlfn.IFNA(0,"") -> 0
A4: Ram | B4: =TODAY() -> 45793 | C4: 40 | D4: =SUMIFS(KDK[Round Total Brick],KDK[Name],Amount!A4,KDK[No Of Week],Table4[[#This Row],[No.Week]]) -> 0 | E4: =SUMIFS(KDK[Total Amount],KDK[Name],A4,KDK[No Of Week],Table4[[#This Row],[No.Week]]) -> 0 | F4: =_xlfn.IFNA(0,"") -> 0 | G4: =_xlfn.IFNA(0,"") -> 0 | H4: =_xlfn.IFNA(0,"") -> 0
A5: Settu | B5: =TODAY() -> 45793 | C5: 40 | D5: =SUMIFS(KDK[Round Total Brick],KDK[Name],Amount!A5,KDK[No Of Week],Table4[[#This Row],[No.Week]]) -> 2850 | E5: =SUMIFS(KDK[Total Amount],KDK[Name],A5,KDK[No Of Week],Table4[[#This Row],[No.Week]]) -> 4275 | F5: =_xlfn.IFNA(0,"") -> 0 | G5: =_xlfn.IFNA(0,"") -> 0 | H5: =_xlfn.IFNA(0,"") -> 0
A6: Dhurai | B6: =TODAY() -> 45793 | C6: 40 | D6: =SUMIFS(KDK[Round Total Brick],KDK[Name],Amount!A6,KDK[No Of Week],Table4[[#This Row],[No.Week]]) -> 1250 | E6: =SUMIFS(KDK[Total Amount],KDK[Name],A6,KDK[No Of Week],Table4[[#This Row],[No.Week]]) -> 1875 | F6: =_xlfn.IFNA(0,"") -> 0 | G6: =_xlfn.IFNA(0,"") -> 0 | H6: =_xlfn.IFNA(0,"") -> 0
A7: Aakash | B7: =TODAY() -> 45793 | C7: 40 | D7: =SUMIFS(KDK[Round Total Brick],KDK[Name],Amount!A7,KDK[No Of Week],Table4[[#This Row],[No.Week]]) -> 3250 | E7: =SUMIFS(KDK[Total Amount],KDK[Name],A7,KDK[No Of Week],Table4[[#This Row],[No.Week]]) -> 4875 | F7: =_xlfn.IFNA(0,"") -> 0 | G7: =_xlfn.IFNA(0,"") -> 0 | H7: =_xlfn.IFNA(0,"") -> 0
A8: Mahesh | B8: =TODAY() -> 45793 | C8: 41 | D8: =SUMIFS(KDK[Round Total Brick],KDK[Name],Amount!A8,KDK[No Of Week],Table4[[#This Row],[No.Week]]) -> 2150 | E8: =SUMIFS(KDK[Total Amount],KDK[Name],A8,KDK[No Of Week],Table4[[#This Row],[No.Week]]) -> 3225 | F8: =_xlfn.IFNA(0,"") -> 0 | G8: =_xlfn.IFNA(0,"") -> 0 | H8: =_xlfn.IFNA(0,"") -> 0

Sheet Emp
A1: Emp ID | B1: Name | C1: Phone No
A2: 10KDK101 | B2: Ramseesh
A3: 10KDK102 | B3: Ramesh | C3: 8757007762
A4: 10KDK103 | B4: Ram Charan | C4: 6204996078
A5: 10KDK104 | B5: Settu | C5: 7904808713
A6: 10KDK105 | B6: Dhurai
A7: 10KDK106 | B7: Aakash
A8: 10KDK107 | B8: Mahesh
